Date,Start (ET),Visitor/Neutral,Home/Neutral
Wed Oct 26 2022,8:00p,San Antonio Spurs,Minnesota Timberwolves
Wed Oct 26 2022,7:30p,Philadelphia 76ers,Toronto Raptors
Wed Oct 26 2022,7:00p,Orlando Magic,Cleveland Cavaliers
Wed Oct 26 2022,10:00p,Miami Heat,Portland Trail Blazers
Wed Oct 26 2022,10:00p,Los Angeles Lakers,Denver Nuggets
Wed Oct 26 2022,8:00p,Indiana Pacers,Chicago Bulls
Wed Oct 26 2022,9:00p,Houston Rockets,Utah Jazz
Wed Oct 26 2022,7:30p,Charlotte Hornets,New York Knicks
Wed Oct 26 2022,7:30p,Brooklyn Nets,Milwaukee Bucks
Wed Oct 26 2022,7:00p,Atlanta Hawks,Detroit Pistons
Wed Oct 19 2022,7:00p,Washington Wizards,Indiana Pacers
Wed Oct 19 2022,10:00p,Portland Trail Blazers,Sacramento Kings
Wed Oct 19 2022,7:00p,Orlando Magic,Detroit Pistons
Wed Oct 19 2022,8:00p,Oklahoma City Thunder,Minnesota Timberwolves
Wed Oct 19 2022,7:30p,New York Knicks,Memphis Grizzlies
Wed Oct 19 2022,7:30p,New Orleans Pelicans,Brooklyn Nets
Wed Oct 19 2022,7:30p,Houston Rockets,Atlanta Hawks
Wed Oct 19 2022,9:00p,Denver Nuggets,Utah Jazz
Wed Oct 19 2022,10:00p,Dallas Mavericks,Phoenix Suns
Wed Oct 19 2022,7:30p,Cleveland Cavaliers,Toronto Raptors
Wed Oct 19 2022,7:30p,Chicago Bulls,Miami Heat
Wed Oct 19 2022,8:00p,Charlotte Hornets,San Antonio Spurs
Wed Nov 9 2022,7:30p,Utah Jazz,Atlanta Hawks
Wed Nov 9 2022,7:00p,Portland Trail Blazers,Charlotte Hornets
Wed Nov 9 2022,8:00p,Phoenix Suns,Minnesota Timberwolves
Wed Nov 9 2022,7:30p,New York Knicks,Brooklyn Nets
Wed Nov 9 2022,8:00p,New Orleans Pelicans,Chicago Bulls
Wed Nov 9 2022,8:00p,Milwaukee Bucks,Oklahoma City Thunder
Wed Nov 9 2022,8:00p,Memphis Grizzlies,San Antonio Spurs
Wed Nov 9 2022,10:00p,Los Angeles Lakers,Los Angeles Clippers
Wed Nov 9 2022,7:30p,Houston Rockets,Toronto Raptors
Wed Nov 9 2022,7:30p,Detroit Pistons,Boston Celtics
Wed Nov 9 2022,7:00p,Denver Nuggets,Indiana Pacers
Wed Nov 9 2022,7:00p,Dallas Mavericks,Orlando Magic
Wed Nov 9 2022,10:00p,Cleveland Cavaliers,Sacramento Kings
Wed Nov 30 2022,7:30p,Washington Wizards,Brooklyn Nets
Wed Nov 30 2022,8:00p,Toronto Raptors,New Orleans Pelicans
Wed Nov 30 2022,8:00p,San Antonio Spurs,Oklahoma City Thunder
Wed Nov 30 2022,10:30p,Portland Trail Blazers,Los Angeles Lakers
Wed Nov 30 2022,7:00p,Philadelphia 76ers,Cleveland Cavaliers
Wed Nov 30 2022,7:30p,Milwaukee Bucks,New York Knicks
Wed Nov 30 2022,7:30p,Miami Heat,Boston Celtics
Wed Nov 30 2022,8:00p,Memphis Grizzlies,Minnesota Timberwolves
Wed Nov 30 2022,9:00p,Los Angeles Clippers,Utah Jazz
Wed Nov 30 2022,10:00p,Indiana Pacers,Sacramento Kings
Wed Nov 30 2022,9:00p,Houston Rockets,Denver Nuggets
Wed Nov 30 2022,9:00p,Chicago Bulls,Phoenix Suns
Wed Nov 30 2022,7:00p,Atlanta Hawks,Orlando Magic
Wed Nov 23 2022,7:30p,Washington Wizards,Miami Heat
Wed Nov 23 2022,7:30p,Sacramento Kings,Atlanta Hawks
Wed Nov 23 2022,7:00p,Portland Trail Blazers,Cleveland Cavaliers
Wed Nov 23 2022,7:00p,Philadelphia 76ers,Charlotte Hornets
Wed Nov 23 2022,8:00p,New Orleans Pelicans,San Antonio Spurs
Wed Nov 23 2022,7:00p,Minnesota Timberwolves,Indiana Pacers
Wed Nov 23 2022,10:00p,Los Angeles Clippers,Golden State Warriors
Wed Nov 23 2022,9:00p,Detroit Pistons,Utah Jazz
Wed Nov 23 2022,8:00p,Denver Nuggets,Oklahoma City Thunder
Wed Nov 23 2022,7:30p,Dallas Mavericks,Boston Celtics
Wed Nov 23 2022,8:00p,Chicago Bulls,Milwaukee Bucks
Wed Nov 23 2022,7:30p,Brooklyn Nets,Toronto Raptors
Wed Nov 2 2022,7:00p,Washington Wizards,Philadelphia 76ers
Wed Nov 2 2022,8:30p,Utah Jazz,Dallas Mavericks
Wed Nov 2 2022,8:00p,Toronto Raptors,San Antonio Spurs
Wed Nov 2 2022,7:30p,Sacramento Kings,Miami Heat
Wed Nov 2 2022,10:30p,New Orleans Pelicans,Los Angeles Lakers
Wed Nov 2 2022,10:00p,Memphis Grizzlies,Portland Trail Blazers
Wed Nov 2 2022,8:00p,Los Angeles Clippers,Houston Rockets
Wed Nov 2 2022,8:00p,Detroit Pistons,Milwaukee Bucks
Wed Nov 2 2022,7:30p,Charlotte Hornets,Chicago Bulls
Wed Nov 2 2022,7:00p,Boston Celtics,Cleveland Cavaliers
Wed Nov 2 2022,7:30p,Atlanta Hawks,New York Knicks
Wed Nov 16 2022,7:00p,Oklahoma City Thunder,Washington Wizards
Wed Nov 16 2022,10:00p,New York Knicks,Denver Nuggets
Wed Nov 16 2022,7:00p,Minnesota Timberwolves,Orlando Magic
Wed Nov 16 2022,7:30p,Miami Heat,Toronto Raptors
Wed Nov 16 2022,7:00p,Indiana Pacers,Charlotte Hornets
Wed Nov 16 2022,8:30p,Houston Rockets,Dallas Mavericks
Wed Nov 16 2022,10:00p,Golden State Warriors,Phoenix Suns
Wed Nov 16 2022,8:00p,Cleveland Cavaliers,Milwaukee Bucks
Wed Nov 16 2022,8:00p,Chicago Bulls,New Orleans Pelicans
Wed Nov 16 2022,7:30p,Boston Celtics,Atlanta Hawks
Wed Mar 8 2023,10:00p,Toronto Raptors,Los Angeles Clippers
Wed Mar 8 2023,7:30p,Portland Trail Blazers,Boston Celtics
Wed Mar 8 2023,9:00p,Oklahoma City Thunder,Phoenix Suns
Wed Mar 8 2023,7:30p,Dallas Mavericks,New Orleans Pelicans
Wed Mar 8 2023,7:30p,Cleveland Cavaliers,Miami Heat
Wed Mar 8 2023,9:00p,Chicago Bulls,Denver Nuggets
Wed Mar 8 2023,7:00p,Atlanta Hawks,Washington Wizards
Wed Mar 29 2023,8:00p,Utah Jazz,San Antonio Spurs
Wed Mar 29 2023,10:00p,Sacramento Kings,Portland Trail Blazers
Wed Mar 29 2023,10:00p,Minnesota Timberwolves,Phoenix Suns
Wed Mar 29 2023,7:00p,Milwaukee Bucks,Indiana Pacers
Wed Mar 29 2023,7:30p,Miami Heat,New York Knicks
Wed Mar 29 2023,8:00p,Los Angeles Lakers,Chicago Bulls
Wed Mar 29 2023,8:00p,Los Angeles Clippers,Memphis Grizzlies
Wed Mar 29 2023,7:30p,Houston Rockets,Brooklyn Nets
Wed Mar 29 2023,8:00p,Detroit Pistons,Oklahoma City Thunder
Wed Mar 29 2023,7:30p,Dallas Mavericks,Philadelphia 76ers
Wed Mar 22 2023,8:00p,San Antonio Spurs,Milwaukee Bucks
Wed Mar 22 2023,9:00p,Portland Trail Blazers,Utah Jazz
Wed Mar 22 2023,10:00p,Phoenix Suns,Los Angeles Lakers
Wed Mar 22 2023,8:00p,Philadelphia 76ers,Chicago Bulls
Wed Mar 22 2023,7:30p,New York Knicks,Miami Heat
Wed Mar 22 2023,7:30p,Indiana Pacers,Toronto Raptors
Wed Mar 22 2023,8:00p,Houston Rockets,Memphis Grizzlies
Wed Mar 22 2023,7:30p,Golden State Warriors,Dallas Mavericks
Wed Mar 22 2023,7:00p,Denver Nuggets,Washington Wizards
Wed Mar 22 2023,8:00p,Atlanta Hawks,Minnesota Timberwolves
Wed Mar 15 2023,8:00p,Sacramento Kings,Chicago Bulls
Wed Mar 15 2023,7:30p,Philadelphia 76ers,Cleveland Cavaliers
Wed Mar 15 2023,7:30p,Memphis Grizzlies,Miami Heat
Wed Mar 15 2023,8:00p,Los Angeles Lakers,Houston Rockets
Wed Mar 15 2023,10:00p,Golden State Warriors,Los Angeles Clippers
Wed Mar 15 2023,8:30p,Dallas Mavericks,San Antonio Spurs
Wed Mar 15 2023,8:00p,Boston Celtics,Minnesota Timberwolves
Wed Mar 1 2023,7:00p,Phoenix Suns,Charlotte Hornets
Wed Mar 1 2023,7:30p,Philadelphia 76ers,Miami Heat
Wed Mar 1 2023,8:00p,Orlando Magic,Milwaukee Bucks
Wed Mar 1 2023,10:00p,New Orleans Pelicans,Portland Trail Blazers
Wed Mar 1 2023,8:00p,Memphis Grizzlies,Houston Rockets
Wed Mar 1 2023,8:00p,Los Angeles Lakers,Oklahoma City Thunder
Wed Mar 1 2023,7:30p,Cleveland Cavaliers,Boston Celtics
Wed Mar 1 2023,7:00p,Chicago Bulls,Detroit Pistons
Wed Mar 1 2023,7:30p,Brooklyn Nets,New York Knicks
Wed Jan 4 2023,7:30p,San Antonio Spurs,New York Knicks
Wed Jan 4 2023,8:00p,Portland Trail Blazers,Minnesota Timberwolves
Wed Jan 4 2023,7:00p,Phoenix Suns,Cleveland Cavaliers
Wed Jan 4 2023,7:00p,Oklahoma City Thunder,Orlando Magic
Wed Jan 4 2023,7:30p,Milwaukee Bucks,Toronto Raptors
Wed Jan 4 2023,10:00p,Miami Heat,Los Angeles Lakers
Wed Jan 4 2023,7:00p,Memphis Grizzlies,Charlotte Hornets
Wed Jan 4 2023,7:00p,Indiana Pacers,Philadelphia 76ers
Wed Jan 4 2023,8:00p,Houston Rockets,New Orleans Pelicans
Wed Jan 4 2023,10:00p,Detroit Pistons,Golden State Warriors
Wed Jan 4 2023,8:00p,Brooklyn Nets,Chicago Bulls
Wed Jan 4 2023,10:00p,Atlanta Hawks,Sacramento Kings
Wed Jan 25 2023,8:00p,Washington Wizards,Houston Rockets
Wed Jan 25 2023,10:00p,Utah Jazz,Portland Trail Blazers
Wed Jan 25 2023,10:00p,Toronto Raptors,Sacramento Kings
Wed Jan 25 2023,10:30p,San Antonio Spurs,Los Angeles Lakers
Wed Jan 25 2023,8:00p,Minnesota Timberwolves,New Orleans Pelicans
Wed Jan 25 2023,10:00p,Memphis Grizzlies,Golden State Warriors
Wed Jan 25 2023,7:00p,Indiana Pacers,Orlando Magic
Wed Jan 25 2023,8:00p,Denver Nuggets,Milwaukee Bucks
Wed Jan 25 2023,7:30p,Brooklyn Nets,Philadelphia 76ers
Wed Jan 25 2023,8:00p,Atlanta Hawks,Oklahoma City Thunder
Wed Jan 18 2023,7:30p,Washington Wizards,New York Knicks
Wed Jan 18 2023,10:30p,Sacramento Kings,Los Angeles Lakers
Wed Jan 18 2023,10:00p,Minnesota Timberwolves,Denver Nuggets
Wed Jan 18 2023,8:00p,Miami Heat,New Orleans Pelicans
Wed Jan 18 2023,9:00p,Los Angeles Clippers,Utah Jazz
Wed Jan 18 2023,8:00p,Indiana Pacers,Oklahoma City Thunder
Wed Jan 18 2023,8:00p,Cleveland Cavaliers,Memphis Grizzlies
Wed Jan 18 2023,8:00p,Charlotte Hornets,Houston Rockets
Wed Jan 18 2023,7:30p,Atlanta Hawks,Dallas Mavericks
Wed Jan 11 2023,8:00p,San Antonio Spurs,Memphis Grizzlies
Wed Jan 11 2023,9:00p,Phoenix Suns,Denver Nuggets
Wed Jan 11 2023,7:30p,New Orleans Pelicans,Boston Celtics
Wed Jan 11 2023,7:00p,Minnesota Timberwolves,Detroit Pistons
Wed Jan 11 2023,7:30p,Milwaukee Bucks,Atlanta Hawks
Wed Jan 11 2023,7:30p,Indiana Pacers,New York Knicks
Wed Jan 11 2023,10:00p,Houston Rockets,Sacramento Kings
Wed Jan 11 2023,7:00p,Chicago Bulls,Washington Wizards
Wed Feb 8 2023,7:30p,San Antonio Spurs,Toronto Raptors
Wed Feb 8 2023,8:00p,Sacramento Kings,Houston Rockets
Wed Feb 8 2023,7:30p,Philadelphia 76ers,Boston Celtics
Wed Feb 8 2023,9:00p,Minnesota Timberwolves,Utah Jazz
Wed Feb 8 2023,7:30p,Indiana Pacers,Miami Heat
Wed Feb 8 2023,10:00p,Golden State Warriors,Portland Trail Blazers
Wed Feb 8 2023,7:00p,Detroit Pistons,Cleveland Cavaliers
Wed Feb 8 2023,10:00p,Dallas Mavericks,Los Angeles Clippers
Wed Feb 8 2023,7:00p,Charlotte Hornets,Washington Wizards
Wed Feb 15 2023,8:00p,Utah Jazz,Memphis Grizzlies
Wed Feb 15 2023,7:00p,San Antonio Spurs,Charlotte Hornets
Wed Feb 15 2023,7:30p,New York Knicks,Atlanta Hawks
Wed Feb 15 2023,10:00p,New Orleans Pelicans,Los Angeles Lakers
Wed Feb 15 2023,7:30p,Miami Heat,Brooklyn Nets
Wed Feb 15 2023,8:00p,Houston Rockets,Oklahoma City Thunder
Wed Feb 15 2023,7:30p,Detroit Pistons,Boston Celtics
Wed Feb 15 2023,9:00p,Dallas Mavericks,Denver Nuggets
Wed Feb 15 2023,7:00p,Cleveland Cavaliers,Philadelphia 76ers
Wed Feb 15 2023,7:00p,Chicago Bulls,Indiana Pacers
Wed Feb 1 2023,7:00p,Washington Wizards,Detroit Pistons
Wed Feb 1 2023,9:00p,Toronto Raptors,Utah Jazz
Wed Feb 1 2023,8:00p,Sacramento Kings,San Antonio Spurs
Wed Feb 1 2023,7:00p,Portland Trail Blazers,Memphis Grizzlies
Wed Feb 1 2023,7:00p,Orlando Magic,Philadelphia 76ers
Wed Feb 1 2023,8:00p,Oklahoma City Thunder,Houston Rockets
Wed Feb 1 2023,8:00p,Golden State Warriors,Minnesota Timberwolves
Wed Feb 1 2023,7:30p,Brooklyn Nets,Boston Celtics
Wed Feb 1 2023,10:00p,Atlanta Hawks,Phoenix Suns
Wed Dec 7 2022,8:00p,Washington Wizards,Chicago Bulls
Wed Dec 7 2022,8:00p,Sacramento Kings,Milwaukee Bucks
Wed Dec 7 2022,8:00p,Oklahoma City Thunder,Memphis Grizzlies
Wed Dec 7 2022,7:30p,Los Angeles Lakers,Toronto Raptors
Wed Dec 7 2022,7:00p,Los Angeles Clippers,Orlando Magic
Wed Dec 7 2022,8:00p,Indiana Pacers,Minnesota Timberwolves
Wed Dec 7 2022,9:00p,Golden State Warriors,Utah Jazz
Wed Dec 7 2022,8:00p,Detroit Pistons,New Orleans Pelicans
Wed Dec 7 2022,7:30p,Charlotte Hornets,Brooklyn Nets
Wed Dec 7 2022,10:00p,Boston Celtics,Phoenix Suns
Wed Dec 7 2022,7:30p,Atlanta Hawks,New York Knicks
Wed Dec 28 2022,10:00p,Utah Jazz,Golden State Warriors
Wed Dec 28 2022,7:00p,Phoenix Suns,Washington Wizards
Wed Dec 28 2022,7:00p,Orlando Magic,Detroit Pistons
Wed Dec 28 2022,8:00p,Minnesota Timberwolves,New Orleans Pelicans
Wed Dec 28 2022,8:00p,Milwaukee Bucks,Chicago Bulls
Wed Dec 28 2022,7:30p,Los Angeles Lakers,Miami Heat
Wed Dec 28 2022,10:00p,Denver Nuggets,Sacramento Kings
Wed Dec 28 2022,7:30p,Brooklyn Nets,Atlanta Hawks
Wed Dec 21 2022,7:30p,Toronto Raptors,New York Knicks
Wed Dec 21 2022,8:00p,Portland Trail Blazers,Oklahoma City Thunder
Wed Dec 21 2022,8:00p,Orlando Magic,Houston Rockets
Wed Dec 21 2022,7:00p,Milwaukee Bucks,Cleveland Cavaliers
Wed Dec 21 2022,10:00p,Los Angeles Lakers,Sacramento Kings
Wed Dec 21 2022,7:30p,Indiana Pacers,Boston Celtics
Wed Dec 21 2022,7:30p,Golden State Warriors,Brooklyn Nets
Wed Dec 21 2022,7:00p,Detroit Pistons,Philadelphia 76ers
Wed Dec 21 2022,8:00p,Dallas Mavericks,Minnesota Timberwolves
Wed Dec 21 2022,7:30p,Chicago Bulls,Atlanta Hawks
Wed Dec 21 2022,10:30p,Charlotte Hornets,Los Angeles Clippers
Wed Dec 14 2022,9:00p,Washington Wizards,Denver Nuggets
Wed Dec 14 2022,7:30p,Sacramento Kings,Toronto Raptors
Wed Dec 14 2022,8:00p,Portland Trail Blazers,San Antonio Spurs
Wed Dec 14 2022,7:30p,New York Knicks,Chicago Bulls
Wed Dec 14 2022,10:00p,Minnesota Timberwolves,Los Angeles Clippers
Wed Dec 14 2022,8:00p,Miami Heat,Oklahoma City Thunder
Wed Dec 14 2022,7:00p,Golden State Warriors,Indiana Pacers
Wed Dec 14 2022,7:00p,Detroit Pistons,Charlotte Hornets
Wed Dec 14 2022,9:00p,Cleveland Cavaliers,Dallas Mavericks
Wed Dec 14 2022,7:00p,Atlanta Hawks,Orlando Magic
Wed Apr 5 2023,7:30p,Washington Wizards,Atlanta Hawks
Wed Apr 5 2023,7:30p,Toronto Raptors,Boston Celtics
Wed Apr 5 2023,8:30p,Sacramento Kings,Dallas Mavericks
Wed Apr 5 2023,7:00p,New York Knicks,Indiana Pacers
Wed Apr 5 2023,8:00p,Memphis Grizzlies,New Orleans Pelicans
Wed Apr 5 2023,10:00p,Los Angeles Lakers,Los Angeles Clippers
Wed Apr 5 2023,7:30p,Chicago Bulls,Milwaukee Bucks
Wed Apr 5 2023,7:00p,Brooklyn Nets,Detroit Pistons
Tue Oct 25 2022,8:00p,Los Angeles Clippers,Oklahoma City Thunder
Tue Oct 25 2022,10:00p,Golden State Warriors,Phoenix Suns
Tue Oct 25 2022,7:00p,Detroit Pistons,Washington Wizards
Tue Oct 25 2022,7:30p,Dallas Mavericks,New Orleans Pelicans
Tue Oct 18 2022,7:30p,Philadelphia 76ers,Boston Celtics
Tue Oct 18 2022,10:00p,Los Angeles Lakers,Golden State Warriors
Tue Nov 29 2022,7:00p,New York Knicks,Detroit Pistons
Tue Nov 29 2022,10:00p,Los Angeles Clippers,Portland Trail Blazers
Tue Nov 29 2022,7:30p,Golden State Warriors,Dallas Mavericks
Tue Nov 22 2022,8:00p,Sacramento Kings,Memphis Grizzlies
Tue Nov 22 2022,10:00p,Los Angeles Lakers,Phoenix Suns
Tue Nov 22 2022,9:00p,Detroit Pistons,Denver Nuggets
Tue Nov 22 2022,7:30p,Brooklyn Nets,Philadelphia 76ers
Tue Nov 15 2022,10:00p,San Antonio Spurs,Portland Trail Blazers
Tue Nov 15 2022,10:00p,New York Knicks,Utah Jazz
Tue Nov 15 2022,7:30p,Memphis Grizzlies,New Orleans Pelicans
Tue Nov 15 2022,8:30p,Los Angeles Clippers,Dallas Mavericks
Tue Nov 15 2022,10:00p,Brooklyn Nets,Sacramento Kings
Tue Nov 1 2022,7:30p,Orlando Magic,Oklahoma City Thunder
Tue Nov 1 2022,10:00p,Minnesota Timberwolves,Phoenix Suns
Tue Nov 1 2022,7:30p,Golden State Warriors,Miami Heat
Tue Nov 1 2022,7:30p,Chicago Bulls,Brooklyn Nets
Tue Mar 7 2023,8:30p,Utah Jazz,Dallas Mavericks
Tue Mar 7 2023,7:00p,Portland Trail Blazers,Detroit Pistons
Tue Mar 7 2023,7:30p,Philadelphia 76ers,Minnesota Timberwolves
Tue Mar 7 2023,7:00p,Milwaukee Bucks,Orlando Magic
Tue Mar 7 2023,10:00p,Memphis Grizzlies,Los Angeles Lakers
Tue Mar 7 2023,8:00p,Golden State Warriors,Oklahoma City Thunder
Tue Mar 7 2023,7:30p,Charlotte Hornets,New York Knicks
Tue Mar 7 2023,8:00p,Brooklyn Nets,Houston Rockets
Tue Mar 28 2023,8:00p,Orlando Magic,Memphis Grizzlies
Tue Mar 28 2023,10:00p,New Orleans Pelicans,Golden State Warriors
Tue Mar 28 2023,7:30p,Miami Heat,Toronto Raptors
Tue Mar 28 2023,7:30p,Cleveland Cavaliers,Atlanta Hawks
Tue Mar 28 2023,8:00p,Charlotte Hornets,Oklahoma City Thunder
Tue Mar 28 2023,7:00p,Boston Celtics,Washington Wizards
Tue Mar 21 2023,7:00p,Washington Wizards,Orlando Magic
Tue Mar 21 2023,8:00p,San Antonio Spurs,New Orleans Pelicans
Tue Mar 21 2023,10:30p,Oklahoma City Thunder,Los Angeles Clippers
Tue Mar 21 2023,7:30p,Detroit Pistons,Atlanta Hawks
Tue Mar 21 2023,7:30p,Cleveland Cavaliers,Brooklyn Nets
Tue Mar 21 2023,10:00p,Boston Celtics,Sacramento Kings
Tue Mar 14 2023,8:00p,Orlando Magic,San Antonio Spurs
Tue Mar 14 2023,10:00p,New York Knicks,Portland Trail Blazers
Tue Mar 14 2023,10:00p,Milwaukee Bucks,Phoenix Suns
Tue Mar 14 2023,8:00p,Los Angeles Lakers,New Orleans Pelicans
Tue Mar 14 2023,7:00p,Detroit Pistons,Washington Wizards
Tue Mar 14 2023,7:30p,Denver Nuggets,Toronto Raptors
Tue Mar 14 2023,7:00p,Cleveland Cavaliers,Charlotte Hornets
Tue Mar 14 2023,8:00p,Brooklyn Nets,Oklahoma City Thunder
Tue Jan 31 2023,10:00p,New Orleans Pelicans,Denver Nuggets
Tue Jan 31 2023,7:00p,Miami Heat,Cleveland Cavaliers
Tue Jan 31 2023,7:30p,Los Angeles Lakers,New York Knicks
Tue Jan 31 2023,8:00p,Los Angeles Clippers,Chicago Bulls
Tue Jan 31 2023,8:00p,Charlotte Hornets,Milwaukee Bucks
Tue Jan 3 2023,8:00p,Washington Wizards,Milwaukee Bucks
Tue Jan 3 2023,9:00p,Sacramento Kings,Utah Jazz
Tue Jan 3 2023,8:00p,Boston Celtics,Oklahoma City Thunder
Tue Jan 24 2023,8:30p,Washington Wizards,Dallas Mavericks
Tue Jan 24 2023,10:00p,Los Angeles Clippers,Los Angeles Lakers
Tue Jan 24 2023,8:00p,Denver Nuggets,New Orleans Pelicans
Tue Jan 24 2023,7:30p,Cleveland Cavaliers,New York Knicks
Tue Jan 24 2023,7:00p,Chicago Bulls,Indiana Pacers
Tue Jan 24 2023,9:00p,Charlotte Hornets,Phoenix Suns
Tue Jan 24 2023,7:30p,Boston Celtics,Miami Heat
Tue Jan 17 2023,7:30p,Toronto Raptors,Milwaukee Bucks
Tue Jan 17 2023,9:00p,Portland Trail Blazers,Denver Nuggets
Tue Jan 17 2023,10:00p,Philadelphia 76ers,Los Angeles Clippers
Tue Jan 17 2023,8:00p,Brooklyn Nets,San Antonio Spurs
Tue Jan 10 2023,10:00p,Phoenix Suns,Golden State Warriors
Tue Jan 10 2023,10:00p,Orlando Magic,Portland Trail Blazers
Tue Jan 10 2023,7:30p,Oklahoma City Thunder,Miami Heat
Tue Jan 10 2023,7:30p,Detroit Pistons,Philadelphia 76ers
Tue Jan 10 2023,10:30p,Dallas Mavericks,Los Angeles Clippers
Tue Jan 10 2023,9:00p,Cleveland Cavaliers,Utah Jazz
Tue Jan 10 2023,7:30p,Charlotte Hornets,Toronto Raptors
Tue Feb 7 2023,7:30p,Phoenix Suns,Brooklyn Nets
Tue Feb 7 2023,10:30p,Oklahoma City Thunder,Los Angeles Lakers
Tue Feb 7 2023,7:00p,New York Knicks,Orlando Magic
Tue Feb 7 2023,10:00p,Minnesota Timberwolves,Denver Nuggets
Tue Feb 7 2023,8:00p,Chicago Bulls,Memphis Grizzlies
Tue Feb 7 2023,7:30p,Atlanta Hawks,New Orleans Pelicans
Tue Feb 28 2023,7:30p,Washington Wizards,Atlanta Hawks
Tue Feb 28 2023,9:00p,San Antonio Spurs,Utah Jazz
Tue Feb 28 2023,8:00p,Sacramento Kings,Oklahoma City Thunder
Tue Feb 28 2023,10:00p,Portland Trail Blazers,Golden State Warriors
Tue Feb 28 2023,10:00p,Minnesota Timberwolves,Los Angeles Clippers
Tue Feb 28 2023,7:30p,Milwaukee Bucks,Brooklyn Nets
Tue Feb 28 2023,8:00p,Los Angeles Lakers,Memphis Grizzlies
Tue Feb 28 2023,8:30p,Indiana Pacers,Dallas Mavericks
Tue Feb 28 2023,8:00p,Denver Nuggets,Houston Rockets
Tue Feb 28 2023,7:30p,Chicago Bulls,Toronto Raptors
Tue Feb 14 2023,10:00p,Washington Wizards,Portland Trail Blazers
Tue Feb 14 2023,9:00p,Sacramento Kings,Phoenix Suns
Tue Feb 14 2023,7:30p,Orlando Magic,Toronto Raptors
Tue Feb 14 2023,10:00p,Golden State Warriors,Los Angeles Clippers
Tue Feb 14 2023,7:30p,Boston Celtics,Milwaukee Bucks
Tue Dec 6 2022,7:30p,Los Angeles Lakers,Cleveland Cavaliers
Tue Dec 6 2022,7:30p,Detroit Pistons,Miami Heat
Tue Dec 6 2022,10:00p,Dallas Mavericks,Denver Nuggets
Tue Dec 27 2022,8:00p,San Antonio Spurs,Oklahoma City Thunder
Tue Dec 27 2022,8:00p,Phoenix Suns,Memphis Grizzlies
Tue Dec 27 2022,7:00p,Philadelphia 76ers,Washington Wizards
Tue Dec 27 2022,8:30p,New York Knicks,Dallas Mavericks
Tue Dec 27 2022,7:00p,Los Angeles Lakers,Orlando Magic
Tue Dec 27 2022,7:30p,Los Angeles Clippers,Toronto Raptors
Tue Dec 27 2022,7:30p,Houston Rockets,Boston Celtics
Tue Dec 27 2022,10:00p,Denver Nuggets,Sacramento Kings
Tue Dec 27 2022,10:00p,Charlotte Hornets,Golden State Warriors
Tue Dec 27 2022,7:30p,Atlanta Hawks,Indiana Pacers
Tue Dec 20 2022,9:00p,Washington Wizards,Phoenix Suns
Tue Dec 20 2022,7:00p,Utah Jazz,Detroit Pistons
Tue Dec 20 2022,10:00p,Memphis Grizzlies,Denver Nuggets
Tue Dec 20 2022,7:30p,Golden State Warriors,New York Knicks
Tue Dec 20 2022,7:30p,Chicago Bulls,Miami Heat
Tue Dec 13 2022,7:00p,Sacramento Kings,Philadelphia 76ers
Tue Dec 13 2022,8:00p,Phoenix Suns,Houston Rockets
Tue Dec 13 2022,9:00p,New Orleans Pelicans,Utah Jazz
Tue Dec 13 2022,7:30p,Golden State Warriors,Milwaukee Bucks
Tue Dec 13 2022,10:00p,Boston Celtics,Los Angeles Lakers
Tue Apr 4 2023,7:00p,Toronto Raptors,Charlotte Hornets
Tue Apr 4 2023,10:00p,San Antonio Spurs,Phoenix Suns
Tue Apr 4 2023,8:00p,Sacramento Kings,New Orleans Pelicans
Tue Apr 4 2023,8:00p,Portland Trail Blazers,Memphis Grizzlies
Tue Apr 4 2023,10:00p,Oklahoma City Thunder,Golden State Warriors
Tue Apr 4 2023,7:30p,Minnesota Timberwolves,Brooklyn Nets
Tue Apr 4 2023,7:00p,Milwaukee Bucks,Washington Wizards
Tue Apr 4 2023,7:00p,Miami Heat,Detroit Pistons
Tue Apr 4 2023,9:00p,Los Angeles Lakers,Utah Jazz
Tue Apr 4 2023,8:00p,Denver Nuggets,Houston Rockets
Tue Apr 4 2023,7:00p,Cleveland Cavaliers,Orlando Magic
Tue Apr 4 2023,8:00p,Boston Celtics,Philadelphia 76ers
Tue Apr 4 2023,8:00p,Atlanta Hawks,Chicago Bulls
Thu Oct 27 2022,10:00p,Miami Heat,Golden State Warriors
Thu Oct 27 2022,10:00p,Memphis Grizzlies,Sacramento Kings
Thu Oct 27 2022,8:00p,Los Angeles Clippers,Oklahoma City Thunder
Thu Oct 27 2022,7:30p,Dallas Mavericks,Brooklyn Nets
Thu Oct 20 2022,7:30p,Milwaukee Bucks,Philadelphia 76ers
Thu Oct 20 2022,10:00p,Los Angeles Clippers,Los Angeles Lakers
Thu Nov 3 2022,7:00p,Golden State Warriors,Orlando Magic
Thu Nov 3 2022,8:00p,Denver Nuggets,Oklahoma City Thunder
Thu Nov 17 2022,10:00p,San Antonio Spurs,Sacramento Kings
Thu Nov 17 2022,10:30p,Detroit Pistons,Los Angeles Clippers
Thu Nov 17 2022,10:00p,Brooklyn Nets,Portland Trail Blazers
Thu Nov 10 2022,8:00p,Portland Trail Blazers,New Orleans Pelicans
Thu Nov 10 2022,7:30p,Philadelphia 76ers,Atlanta Hawks
Thu Nov 10 2022,7:00p,Dallas Mavericks,Washington Wizards
Thu Nov 10 2022,7:30p,Charlotte Hornets,Miami Heat
Thu Mar 9 2023,7:00p,Utah Jazz,Orlando Magic
Thu Mar 9 2023,10:00p,New York Knicks,Sacramento Kings
Thu Mar 9 2023,7:00p,Houston Rockets,Indiana Pacers
Thu Mar 9 2023,10:00p,Golden State Warriors,Memphis Grizzlies
Thu Mar 9 2023,7:00p,Charlotte Hornets,Detroit Pistons
Thu Mar 9 2023,7:30p,Brooklyn Nets,Milwaukee Bucks
Thu Mar 30 2023,10:00p,New Orleans Pelicans,Denver Nuggets
Thu Mar 30 2023,7:30p,Boston Celtics,Milwaukee Bucks
Thu Mar 23 2023,10:30p,Oklahoma City Thunder,Los Angeles Clippers
Thu Mar 23 2023,7:00p,New York Knicks,Orlando Magic
Thu Mar 23 2023,7:30p,Cleveland Cavaliers,Brooklyn Nets
Thu Mar 23 2023,8:00p,Charlotte Hornets,New Orleans Pelicans
Thu Mar 2 2023,7:00p,Toronto Raptors,Washington Wizards
Thu Mar 2 2023,7:30p,Philadelphia 76ers,Dallas Mavericks
Thu Mar 2 2023,10:00p,Los Angeles Clippers,Golden State Warriors
Thu Mar 2 2023,8:30p,Indiana Pacers,San Antonio Spurs
Thu Mar 16 2023,7:30p,Sacramento Kings,Brooklyn Nets
Thu Mar 16 2023,10:00p,Orlando Magic,Phoenix Suns
Thu Mar 16 2023,7:30p,Oklahoma City Thunder,Toronto Raptors
Thu Mar 16 2023,8:00p,Indiana Pacers,Milwaukee Bucks
Thu Mar 16 2023,7:00p,Denver Nuggets,Detroit Pistons
Thu Jan 5 2023,8:00p,Utah Jazz,Houston Rockets
Thu Jan 5 2023,7:00p,Memphis Grizzlies,Orlando Magic
Thu Jan 5 2023,10:00p,Los Angeles Clippers,Denver Nuggets
Thu Jan 5 2023,7:30p,Boston Celtics,Dallas Mavericks
Thu Jan 26 2023,10:30p,San Antonio Spurs,Los Angeles Clippers
Thu Jan 26 2023,7:30p,New York Knicks,Boston Celtics
Thu Jan 26 2023,7:30p,Detroit Pistons,Brooklyn Nets
Thu Jan 26 2023,10:00p,Dallas Mavericks,Phoenix Suns
Thu Jan 26 2023,8:00p,Cleveland Cavaliers,Houston Rockets
Thu Jan 26 2023,7:30p,Chicago Bulls,Charlotte Hornets
Thu Jan 19 2023,8:00p,Toronto Raptors,Minnesota Timberwolves
Thu Jan 19 2023,10:00p,Philadelphia 76ers,Portland Trail Blazers
Thu Jan 19 2023,7:30p,Golden State Warriors,Boston Celtics
Thu Jan 19 2023,3:00p,Chicago Bulls,Detroit Pistons
Thu Jan 19 2023,10:00p,Brooklyn Nets,Phoenix Suns
Thu Jan 12 2023,7:00p,Oklahoma City Thunder,Philadelphia 76ers
Thu Jan 12 2023,7:30p,Milwaukee Bucks,Miami Heat
Thu Jan 12 2023,10:00p,Dallas Mavericks,Los Angeles Lakers
Thu Jan 12 2023,10:00p,Cleveland Cavaliers,Portland Trail Blazers
Thu Jan 12 2023,7:30p,Charlotte Hornets,Toronto Raptors
Thu Jan 12 2023,7:30p,Boston Celtics,Brooklyn Nets
Thu Feb 9 2023,7:30p,Phoenix Suns,Atlanta Hawks
Thu Feb 9 2023,10:00p,Milwaukee Bucks,Los Angeles Lakers
Thu Feb 9 2023,7:00p,Denver Nuggets,Orlando Magic
Thu Feb 9 2023,7:30p,Chicago Bulls,Brooklyn Nets
Thu Feb 23 2023,8:30p,San Antonio Spurs,Dallas Mavericks
Thu Feb 23 2023,10:00p,Portland Trail Blazers,Sacramento Kings
Thu Feb 23 2023,9:00p,Oklahoma City Thunder,Utah Jazz
Thu Feb 23 2023,7:30p,New Orleans Pelicans,Toronto Raptors
Thu Feb 23 2023,7:30p,Memphis Grizzlies,Philadelphia 76ers
Thu Feb 23 2023,10:00p,Golden State Warriors,Los Angeles Lakers
Thu Feb 23 2023,7:00p,Detroit Pistons,Orlando Magic
Thu Feb 23 2023,7:00p,Denver Nuggets,Cleveland Cavaliers
Thu Feb 23 2023,7:00p,Boston Celtics,Indiana Pacers
Thu Feb 2 2023,8:30p,New Orleans Pelicans,Dallas Mavericks
Thu Feb 2 2023,7:30p,Miami Heat,New York Knicks
Thu Feb 2 2023,7:30p,Memphis Grizzlies,Cleveland Cavaliers
Thu Feb 2 2023,7:00p,Los Angeles Lakers,Indiana Pacers
Thu Feb 2 2023,10:00p,Los Angeles Clippers,Milwaukee Bucks
Thu Feb 2 2023,9:00p,Golden State Warriors,Denver Nuggets
Thu Feb 2 2023,8:00p,Charlotte Hornets,Chicago Bulls
Thu Feb 16 2023,8:00p,Washington Wizards,Minnesota Timberwolves
Thu Feb 16 2023,7:30p,Milwaukee Bucks,Chicago Bulls
Thu Feb 16 2023,10:00p,Los Angeles Clippers,Phoenix Suns
Thu Dec 8 2022,7:30p,Los Angeles Clippers,Miami Heat
Thu Dec 8 2022,8:30p,Houston Rockets,San Antonio Spurs
Thu Dec 8 2022,10:00p,Denver Nuggets,Portland Trail Blazers
Thu Dec 29 2022,7:00p,Oklahoma City Thunder,Charlotte Hornets
Thu Dec 29 2022,8:00p,New York Knicks,San Antonio Spurs
Thu Dec 29 2022,7:30p,Memphis Grizzlies,Toronto Raptors
Thu Dec 29 2022,7:30p,Los Angeles Clippers,Boston Celtics
Thu Dec 29 2022,8:30p,Houston Rockets,Dallas Mavericks
Thu Dec 29 2022,7:00p,Cleveland Cavaliers,Indiana Pacers
Thu Dec 22 2022,9:00p,Washington Wizards,Utah Jazz
Thu Dec 22 2022,8:00p,San Antonio Spurs,New Orleans Pelicans
Thu Dec 15 2022,10:30p,Phoenix Suns,Los Angeles Clippers
Thu Dec 15 2022,9:00p,New Orleans Pelicans,Utah Jazz
Thu Dec 15 2022,8:00p,Milwaukee Bucks,Memphis Grizzlies
Thu Dec 15 2022,8:00p,Miami Heat,Houston Rockets
Thu Dec 1 2022,7:00p,Dallas Mavericks,Detroit Pistons
Thu Apr 6 2023,8:00p,Portland Trail Blazers,San Antonio Spurs
Thu Apr 6 2023,9:00p,Oklahoma City Thunder,Utah Jazz
Thu Apr 6 2023,7:30p,Miami Heat,Philadelphia 76ers
Thu Apr 6 2023,10:00p,Denver Nuggets,Phoenix Suns
Thu Apr 6 2023,7:00p,Cleveland Cavaliers,Orlando Magic
Sun Oct 30 2022,6:00p,Washington Wizards,Boston Celtics
Sun Oct 30 2022,7:30p,Orlando Magic,Dallas Mavericks
Sun Oct 30 2022,6:00p,New York Knicks,Cleveland Cavaliers
Sun Oct 30 2022,3:00p,New Orleans Pelicans,Los Angeles Clippers
Sun Oct 30 2022,7:00p,Minnesota Timberwolves,San Antonio Spurs
Sun Oct 30 2022,9:00p,Houston Rockets,Phoenix Suns
Sun Oct 30 2022,6:00p,Golden State Warriors,Detroit Pistons
Sun Oct 30 2022,9:30p,Denver Nuggets,Los Angeles Lakers
Sun Oct 23 2022,7:00p,Washington Wizards,Cleveland Cavaliers
Sun Oct 23 2022,7:00p,Utah Jazz,New Orleans Pelicans
Sun Oct 23 2022,8:30p,Sacramento Kings,Golden State Warriors
Sun Oct 23 2022,3:30p,Portland Trail Blazers,Los Angeles Lakers
Sun Oct 23 2022,10:00p,Phoenix Suns,Los Angeles Clippers
Sun Oct 23 2022,8:00p,Minnesota Timberwolves,Oklahoma City Thunder
Sun Oct 23 2022,5:00p,Charlotte Hornets,Atlanta Hawks
Sun Nov 6 2022,6:00p,Washington Wizards,Memphis Grizzlies
Sun Nov 6 2022,10:00p,Utah Jazz,Los Angeles Clippers
Sun Nov 6 2022,3:30p,Cleveland Cavaliers,Los Angeles Lakers
Sun Nov 6 2022,6:00p,Chicago Bulls,Toronto Raptors
Sun Nov 27 2022,6:00p,Washington Wizards,Boston Celtics
Sun Nov 27 2022,3:00p,Portland Trail Blazers,Brooklyn Nets
Sun Nov 27 2022,6:00p,Philadelphia 76ers,Orlando Magic
Sun Nov 27 2022,5:00p,Miami Heat,Atlanta Hawks
Sun Nov 27 2022,6:00p,Memphis Grizzlies,New York Knicks
Sun Nov 27 2022,4:00p,Indiana Pacers,Los Angeles Clippers
Sun Nov 27 2022,3:30p,Golden State Warriors,Minnesota Timberwolves
Sun Nov 27 2022,8:00p,Dallas Mavericks,Milwaukee Bucks
Sun Nov 27 2022,6:00p,Cleveland Cavaliers,Detroit Pistons
Sun Nov 20 2022,9:30p,San Antonio Spurs,Los Angeles Lakers
Sun Nov 20 2022,3:30p,New York Knicks,Phoenix Suns
Sun Nov 20 2022,7:00p,Miami Heat,Cleveland Cavaliers
Sun Nov 20 2022,7:00p,Memphis Grizzlies,Brooklyn Nets
Sun Nov 20 2022,7:00p,Golden State Warriors,Houston Rockets
Sun Nov 20 2022,6:00p,Detroit Pistons,Sacramento Kings
Sun Nov 20 2022,7:30p,Denver Nuggets,Dallas Mavericks
Sun Nov 20 2022,6:00p,Charlotte Hornets,Washington Wizards
Sun Nov 13 2022,7:30p,Utah Jazz,Philadelphia 76ers
Sun Nov 13 2022,12:00p,Oklahoma City Thunder,New York Knicks
Sun Nov 13 2022,6:00p,Minnesota Timberwolves,Cleveland Cavaliers
Sun Nov 13 2022,6:00p,Memphis Grizzlies,Washington Wizards
Sun Nov 13 2022,9:00p,Golden State Warriors,Sacramento Kings
Sun Nov 13 2022,8:00p,Denver Nuggets,Chicago Bulls
Sun Nov 13 2022,9:30p,Brooklyn Nets,Los Angeles Lakers
Sun Mar 5 2023,7:00p,Utah Jazz,Oklahoma City Thunder
Sun Mar 5 2023,7:00p,San Antonio Spurs,Houston Rockets
Sun Mar 5 2023,6:00p,Portland Trail Blazers,Orlando Magic
Sun Mar 5 2023,1:00p,Phoenix Suns,Dallas Mavericks
Sun Mar 5 2023,7:30p,New York Knicks,Boston Celtics
Sun Mar 5 2023,10:00p,Memphis Grizzlies,Los Angeles Clippers
Sun Mar 5 2023,3:30p,Indiana Pacers,Chicago Bulls
Sun Mar 5 2023,3:30p,Golden State Warriors,Los Angeles Lakers
Sun Mar 5 2023,6:00p,Charlotte Hornets,Brooklyn Nets
Sun Mar 26 2023,6:00p,Washington Wizards,Toronto Raptors
Sun Mar 26 2023,6:00p,San Antonio Spurs,Boston Celtics
Sun Mar 26 2023,7:00p,Oklahoma City Thunder,Portland Trail Blazers
Sun Mar 26 2023,8:30p,Minnesota Timberwolves,Golden State Warriors
Sun Mar 26 2023,6:00p,Memphis Grizzlies,Atlanta Hawks
Sun Mar 26 2023,6:00p,Houston Rockets,Cleveland Cavaliers
Sun Mar 26 2023,1:00p,Dallas Mavericks,Charlotte Hornets
Sun Mar 26 2023,3:30p,Chicago Bulls,Los Angeles Lakers
Sun Mar 26 2023,6:00p,Brooklyn Nets,Orlando Magic
Sun Mar 19 2023,8:00p,Toronto Raptors,Milwaukee Bucks
Sun Mar 19 2023,3:30p,Phoenix Suns,Oklahoma City Thunder
Sun Mar 19 2023,9:30p,Orlando Magic,Los Angeles Lakers
Sun Mar 19 2023,7:00p,New Orleans Pelicans,Houston Rockets
Sun Mar 19 2023,6:00p,Miami Heat,Detroit Pistons
Sun Mar 19 2023,9:00p,Los Angeles Clippers,Portland Trail Blazers
Sun Mar 19 2023,3:30p,Denver Nuggets,Brooklyn Nets
Sun Mar 19 2023,4:00p,Atlanta Hawks,San Antonio Spurs
Sun Mar 12 2023,6:00p,Washington Wizards,Philadelphia 76ers
Sun Mar 12 2023,7:00p,Portland Trail Blazers,New Orleans Pelicans
Sun Mar 12 2023,7:00p,Oklahoma City Thunder,San Antonio Spurs
Sun Mar 12 2023,9:00p,New York Knicks,Los Angeles Lakers
Sun Mar 12 2023,5:00p,Cleveland Cavaliers,Charlotte Hornets
Sun Mar 12 2023,3:30p,Brooklyn Nets,Denver Nuggets
Sun Jan 8 2023,6:00p,Utah Jazz,Memphis Grizzlies
Sun Jan 8 2023,3:30p,Portland Trail Blazers,Toronto Raptors
Sun Jan 8 2023,3:00p,Philadelphia 76ers,Detroit Pistons
Sun Jan 8 2023,7:00p,Minnesota Timberwolves,Houston Rockets
Sun Jan 8 2023,7:00p,Dallas Mavericks,Oklahoma City Thunder
Sun Jan 8 2023,8:00p,Cleveland Cavaliers,Phoenix Suns
Sun Jan 8 2023,5:00p,Charlotte Hornets,Indiana Pacers
Sun Jan 8 2023,6:00p,Brooklyn Nets,Miami Heat
Sun Jan 8 2023,9:00p,Atlanta Hawks,Los Angeles Clippers
Sun Jan 29 2023,8:00p,New Orleans Pelicans,Milwaukee Bucks
Sun Jan 29 2023,1:00p,Miami Heat,Charlotte Hornets
Sun Jan 29 2023,7:00p,Los Angeles Clippers,Cleveland Cavaliers
Sun Jan 29 2023,6:00p,Indiana Pacers,Memphis Grizzlies
Sun Jan 22 2023,8:00p,Oklahoma City Thunder,Denver Nuggets
Sun Jan 22 2023,6:00p,New York Knicks,Toronto Raptors
Sun Jan 22 2023,3:30p,New Orleans Pelicans,Miami Heat
Sun Jan 22 2023,8:00p,Memphis Grizzlies,Phoenix Suns
Sun Jan 22 2023,9:00p,Los Angeles Lakers,Portland Trail Blazers
Sun Jan 22 2023,7:30p,Los Angeles Clippers,Dallas Mavericks
Sun Jan 22 2023,8:30p,Brooklyn Nets,Golden State Warriors
Sun Jan 15 2023,7:00p,Sacramento Kings,San Antonio Spurs
Sun Jan 15 2023,9:30p,Philadelphia 76ers,Los Angeles Lakers
Sun Jan 15 2023,8:00p,Orlando Magic,Denver Nuggets
Sun Jan 15 2023,6:00p,Oklahoma City Thunder,Brooklyn Nets
Sun Jan 15 2023,1:00p,New York Knicks,Detroit Pistons
Sun Jan 15 2023,3:00p,Houston Rockets,Los Angeles Clippers
Sun Jan 15 2023,3:30p,Golden State Warriors,Chicago Bulls
Sun Jan 15 2023,9:00p,Dallas Mavericks,Portland Trail Blazers
Sun Jan 1 2023,8:00p,Washington Wizards,Milwaukee Bucks
Sun Jan 1 2023,8:00p,Sacramento Kings,Memphis Grizzlies
Sun Jan 1 2023,8:00p,Boston Celtics,Denver Nuggets
Sun Feb 5 2023,6:00p,Toronto Raptors,Memphis Grizzlies
Sun Feb 5 2023,7:00p,Sacramento Kings,New Orleans Pelicans
Sun Feb 5 2023,6:00p,Philadelphia 76ers,New York Knicks
Sun Feb 5 2023,1:00p,Orlando Magic,Charlotte Hornets
Sun Feb 5 2023,7:00p,Denver Nuggets,Minnesota Timberwolves
Sun Feb 5 2023,5:00p,Cleveland Cavaliers,Indiana Pacers
Sun Feb 26 2023,3:30p,Washington Wizards,Chicago Bulls
Sun Feb 26 2023,6:00p,Toronto Raptors,Cleveland Cavaliers
Sun Feb 26 2023,7:00p,Sacramento Kings,Oklahoma City Thunder
Sun Feb 26 2023,1:00p,Phoenix Suns,Milwaukee Bucks
Sun Feb 26 2023,7:30p,Minnesota Timberwolves,Golden State Warriors
Sun Feb 26 2023,3:30p,Los Angeles Lakers,Dallas Mavericks
Sun Feb 26 2023,10:00p,Los Angeles Clippers,Denver Nuggets
Sun Feb 26 2023,9:00p,Houston Rockets,Portland Trail Blazers
Sun Feb 26 2023,3:00p,Brooklyn Nets,Atlanta Hawks
Sun Feb 12 2023,2:00p,Memphis Grizzlies,Boston Celtics
Sun Feb 12 2023,3:00p,Detroit Pistons,Toronto Raptors
Sun Dec 4 2022,4:00p,Phoenix Suns,San Antonio Spurs
Sun Dec 4 2022,6:00p,Memphis Grizzlies,Detroit Pistons
Sun Dec 4 2022,6:00p,Los Angeles Lakers,Washington Wizards
Sun Dec 4 2022,9:00p,Indiana Pacers,Portland Trail Blazers
Sun Dec 4 2022,3:30p,Denver Nuggets,New Orleans Pelicans
Sun Dec 4 2022,6:00p,Cleveland Cavaliers,New York Knicks
Sun Dec 4 2022,6:00p,Chicago Bulls,Sacramento Kings
Sun Dec 4 2022,6:00p,Boston Celtics,Brooklyn Nets
Sun Dec 25 2022,10:30p,Phoenix Suns,Denver Nuggets
Sun Dec 25 2022,12:00p,Philadelphia 76ers,New York Knicks
Sun Dec 25 2022,5:00p,Milwaukee Bucks,Boston Celtics
Sun Dec 25 2022,8:00p,Memphis Grizzlies,Golden State Warriors
Sun Dec 25 2022,2:30p,Los Angeles Lakers,Dallas Mavericks
Sun Dec 18 2022,9:30p,Washington Wizards,Los Angeles Lakers
Sun Dec 18 2022,3:00p,Orlando Magic,Boston Celtics
Sun Dec 18 2022,5:00p,New York Knicks,Indiana Pacers
Sun Dec 18 2022,6:00p,Golden State Warriors,Toronto Raptors
Sun Dec 18 2022,7:00p,Chicago Bulls,Minnesota Timberwolves
Sun Dec 18 2022,8:00p,Charlotte Hornets,Denver Nuggets
Sun Dec 18 2022,6:00p,Brooklyn Nets,Detroit Pistons
Sun Dec 11 2022,6:00p,Toronto Raptors,Orlando Magic
Sun Dec 11 2022,6:00p,Sacramento Kings,New York Knicks
Sun Dec 11 2022,3:30p,Phoenix Suns,New Orleans Pelicans
Sun Dec 11 2022,7:00p,Milwaukee Bucks,Houston Rockets
Sun Dec 11 2022,6:00p,Los Angeles Lakers,Detroit Pistons
Sun Dec 11 2022,6:30p,Chicago Bulls,Atlanta Hawks
Sun Dec 11 2022,6:00p,Charlotte Hornets,Philadelphia 76ers
Sun Apr 9 2023,3:30p,Utah Jazz,Los Angeles Lakers
Sun Apr 9 2023,3:30p,San Antonio Spurs,Dallas Mavericks
Sun Apr 9 2023,3:30p,Sacramento Kings,Denver Nuggets
Sun Apr 9 2023,1:00p,Philadelphia 76ers,Brooklyn Nets
Sun Apr 9 2023,1:00p,Orlando Magic,Miami Heat
Sun Apr 9 2023,3:30p,New Orleans Pelicans,Minnesota Timberwolves
Sun Apr 9 2023,1:00p,Milwaukee Bucks,Toronto Raptors
Sun Apr 9 2023,3:30p,Memphis Grizzlies,Oklahoma City Thunder
Sun Apr 9 2023,3:30p,Los Angeles Clippers,Phoenix Suns
Sun Apr 9 2023,1:00p,Indiana Pacers,New York Knicks
Sun Apr 9 2023,1:00p,Houston Rockets,Washington Wizards
Sun Apr 9 2023,3:30p,Golden State Warriors,Portland Trail Blazers
Sun Apr 9 2023,1:00p,Detroit Pistons,Chicago Bulls
Sun Apr 9 2023,1:00p,Charlotte Hornets,Cleveland Cavaliers
Sun Apr 9 2023,1:00p,Atlanta Hawks,Boston Celtics
Sun Apr 2 2023,6:00p,Washington Wizards,New York Knicks
Sun Apr 2 2023,3:30p,Utah Jazz,Brooklyn Nets
Sun Apr 2 2023,1:00p,Toronto Raptors,Charlotte Hornets
Sun Apr 2 2023,6:00p,San Antonio Spurs,Sacramento Kings
Sun Apr 2 2023,3:30p,Portland Trail Blazers,Minnesota Timberwolves
Sun Apr 2 2023,7:00p,Phoenix Suns,Oklahoma City Thunder
Sun Apr 2 2023,8:00p,Philadelphia 76ers,Milwaukee Bucks
Sun Apr 2 2023,3:30p,Memphis Grizzlies,Chicago Bulls
Sun Apr 2 2023,7:00p,Los Angeles Lakers,Houston Rockets
Sun Apr 2 2023,8:00p,Indiana Pacers,Cleveland Cavaliers
Sun Apr 2 2023,8:30p,Golden State Warriors,Denver Nuggets
Sun Apr 2 2023,6:00p,Detroit Pistons,Orlando Magic
Sun Apr 2 2023,6:00p,Dallas Mavericks,Atlanta Hawks
Sat Oct 29 2022,8:00p,Philadelphia 76ers,Chicago Bulls
Sat Oct 29 2022,9:00p,Oklahoma City Thunder,Dallas Mavericks
Sat Oct 29 2022,6:00p,Miami Heat,Sacramento Kings
Sat Oct 29 2022,9:00p,Memphis Grizzlies,Utah Jazz
Sat Oct 29 2022,7:30p,Indiana Pacers,Brooklyn Nets
Sat Oct 29 2022,7:00p,Golden State Warriors,Charlotte Hornets
Sat Oct 29 2022,8:00p,Atlanta Hawks,Milwaukee Bucks
Sat Oct 22 2022,8:00p,Toronto Raptors,Miami Heat
Sat Oct 22 2022,6:00p,San Antonio Spurs,Philadelphia 76ers
Sat Oct 22 2022,9:00p,Oklahoma City Thunder,Denver Nuggets
Sat Oct 22 2022,8:30p,Memphis Grizzlies,Dallas Mavericks
Sat Oct 22 2022,10:00p,Los Angeles Clippers,Sacramento Kings
Sat Oct 22 2022,8:00p,Houston Rockets,Milwaukee Bucks
Sat Oct 22 2022,7:00p,Detroit Pistons,Indiana Pacers
Sat Oct 22 2022,8:00p,Cleveland Cavaliers,Chicago Bulls
Sat Oct 22 2022,7:00p,Boston Celtics,Orlando Magic
Sat Nov 5 2022,9:00p,San Antonio Spurs,Denver Nuggets
Sat Nov 5 2022,5:00p,Sacramento Kings,Orlando Magic
Sat Nov 5 2022,10:00p,Portland Trail Blazers,Phoenix Suns
Sat Nov 5 2022,8:00p,Oklahoma City Thunder,Milwaukee Bucks
Sat Nov 5 2022,7:30p,New Orleans Pelicans,Atlanta Hawks
Sat Nov 5 2022,8:00p,Houston Rockets,Minnesota Timberwolves
Sat Nov 5 2022,7:00p,Brooklyn Nets,Charlotte Hornets
Sat Nov 5 2022,7:30p,Boston Celtics,New York Knicks
Sat Nov 26 2022,9:00p,Utah Jazz,Phoenix Suns
Sat Nov 26 2022,8:00p,Oklahoma City Thunder,Houston Rockets
Sat Nov 26 2022,8:00p,Los Angeles Lakers,San Antonio Spurs
Sat Nov 26 2022,5:00p,Dallas Mavericks,Toronto Raptors
Sat Nov 19 2022,10:00p,Utah Jazz,Portland Trail Blazers
Sat Nov 19 2022,6:00p,Toronto Raptors,Atlanta Hawks
Sat Nov 19 2022,10:30p,San Antonio Spurs,Los Angeles Clippers
Sat Nov 19 2022,7:00p,Orlando Magic,Indiana Pacers
Sat Nov 19 2022,7:30p,Minnesota Timberwolves,Philadelphia 76ers
Sat Nov 12 2022,6:00p,Utah Jazz,Washington Wizards
Sat Nov 12 2022,7:00p,Toronto Raptors,Indiana Pacers
Sat Nov 12 2022,8:30p,Portland Trail Blazers,Dallas Mavericks
Sat Nov 12 2022,8:30p,Houston Rockets,New Orleans Pelicans
Sat Nov 12 2022,8:00p,Charlotte Hornets,Miami Heat
Sat Nov 12 2022,4:00p,Brooklyn Nets,Los Angeles Clippers
Sat Nov 12 2022,7:00p,Boston Celtics,Detroit Pistons
Sat Nov 12 2022,7:30p,Atlanta Hawks,Philadelphia 76ers
Sat Mar 4 2023,5:00p,Toronto Raptors,Washington Wizards
Sat Mar 4 2023,8:30p,Philadelphia 76ers,Milwaukee Bucks
Sat Mar 4 2023,10:00p,Minnesota Timberwolves,Sacramento Kings
Sat Mar 4 2023,8:00p,Houston Rockets,San Antonio Spurs
Sat Mar 4 2023,8:00p,Detroit Pistons,Cleveland Cavaliers
Sat Mar 4 2023,8:00p,Atlanta Hawks,Miami Heat
Sat Mar 25 2023,10:00p,Utah Jazz,Sacramento Kings
Sat Mar 25 2023,10:00p,Philadelphia 76ers,Phoenix Suns
Sat Mar 25 2023,10:30p,New Orleans Pelicans,Los Angeles Clippers
Sat Mar 25 2023,9:00p,Milwaukee Bucks,Denver Nuggets
Sat Mar 25 2023,5:00p,Indiana Pacers,Atlanta Hawks
Sat Mar 25 2023,8:00p,Brooklyn Nets,Miami Heat
Sat Mar 18 2023,8:00p,Sacramento Kings,Washington Wizards
Sat Mar 18 2023,7:00p,Philadelphia 76ers,Indiana Pacers
Sat Mar 18 2023,3:00p,Orlando Magic,Los Angeles Clippers
Sat Mar 18 2023,7:00p,Minnesota Timberwolves,Toronto Raptors
Sat Mar 18 2023,8:00p,Miami Heat,Chicago Bulls
Sat Mar 18 2023,8:00p,Golden State Warriors,Memphis Grizzlies
Sat Mar 18 2023,1:00p,Denver Nuggets,New York Knicks
Sat Mar 18 2023,9:00p,Boston Celtics,Utah Jazz
Sat Mar 11 2023,7:00p,Utah Jazz,Charlotte Hornets
Sat Mar 11 2023,10:00p,Sacramento Kings,Phoenix Suns
Sat Mar 11 2023,8:30p,Oklahoma City Thunder,New Orleans Pelicans
Sat Mar 11 2023,4:00p,New York Knicks,Los Angeles Clippers
Sat Mar 11 2023,8:30p,Milwaukee Bucks,Golden State Warriors
Sat Mar 11 2023,7:00p,Miami Heat,Orlando Magic
Sat Mar 11 2023,7:00p,Indiana Pacers,Detroit Pistons
Sat Mar 11 2023,8:00p,Dallas Mavericks,Memphis Grizzlies
Sat Mar 11 2023,8:00p,Chicago Bulls,Houston Rockets
Sat Mar 11 2023,7:30p,Boston Celtics,Atlanta Hawks
Sat Jan 7 2023,8:00p,Utah Jazz,Chicago Bulls
Sat Jan 7 2023,8:30p,Orlando Magic,Golden State Warriors
Sat Jan 7 2023,8:00p,New Orleans Pelicans,Dallas Mavericks
Sat Jan 7 2023,10:00p,Los Angeles Lakers,Sacramento Kings
Sat Jan 7 2023,6:00p,Boston Celtics,San Antonio Spurs
Sat Jan 28 2023,8:00p,Washington Wizards,New Orleans Pelicans
Sat Jan 28 2023,10:00p,Toronto Raptors,Portland Trail Blazers
Sat Jan 28 2023,8:00p,Sacramento Kings,Minnesota Timberwolves
Sat Jan 28 2023,8:00p,Phoenix Suns,San Antonio Spurs
Sat Jan 28 2023,5:30p,New York Knicks,Brooklyn Nets
Sat Jan 28 2023,8:30p,Los Angeles Lakers,Boston Celtics
Sat Jan 28 2023,7:30p,Los Angeles Clippers,Atlanta Hawks
Sat Jan 28 2023,7:00p,Houston Rockets,Detroit Pistons
Sat Jan 28 2023,3:00p,Denver Nuggets,Philadelphia 76ers
Sat Jan 28 2023,9:00p,Dallas Mavericks,Utah Jazz
Sat Jan 28 2023,7:00p,Chicago Bulls,Orlando Magic
Sat Jan 21 2023,10:00p,Philadelphia 76ers,Sacramento Kings
Sat Jan 21 2023,7:00p,Orlando Magic,Washington Wizards
Sat Jan 21 2023,7:30p,Milwaukee Bucks,Cleveland Cavaliers
Sat Jan 21 2023,9:00p,Indiana Pacers,Phoenix Suns
Sat Jan 21 2023,8:00p,Houston Rockets,Minnesota Timberwolves
Sat Jan 21 2023,7:30p,Charlotte Hornets,Atlanta Hawks
Sat Jan 21 2023,5:00p,Boston Celtics,Toronto Raptors
Sat Jan 14 2023,9:00p,Philadelphia 76ers,Utah Jazz
Sat Jan 14 2023,1:00p,Milwaukee Bucks,Miami Heat
Sat Jan 14 2023,7:00p,Memphis Grizzlies,Indiana Pacers
Sat Jan 14 2023,10:00p,Dallas Mavericks,Portland Trail Blazers
Sat Jan 14 2023,8:00p,Cleveland Cavaliers,Minnesota Timberwolves
Sat Jan 14 2023,7:00p,Boston Celtics,Charlotte Hornets
Sat Jan 14 2023,7:30p,Atlanta Hawks,Toronto Raptors
Sat Feb 4 2023,6:00p,Washington Wizards,Brooklyn Nets
Sat Feb 4 2023,8:00p,Portland Trail Blazers,Chicago Bulls
Sat Feb 4 2023,7:00p,Phoenix Suns,Detroit Pistons
Sat Feb 4 2023,8:00p,Miami Heat,Milwaukee Bucks
Sat Feb 4 2023,8:00p,Los Angeles Lakers,New Orleans Pelicans
Sat Feb 4 2023,7:00p,Los Angeles Clippers,New York Knicks
Sat Feb 4 2023,8:00p,Houston Rockets,Oklahoma City Thunder
Sat Feb 4 2023,8:30p,Dallas Mavericks,Golden State Warriors
Sat Feb 4 2023,9:00p,Atlanta Hawks,Denver Nuggets
Sat Feb 25 2023,12:00p,Toronto Raptors,Detroit Pistons
Sat Feb 25 2023,9:00p,San Antonio Spurs,Utah Jazz
Sat Feb 25 2023,7:30p,New Orleans Pelicans,New York Knicks
Sat Feb 25 2023,7:00p,Miami Heat,Charlotte Hornets
Sat Feb 25 2023,7:00p,Indiana Pacers,Orlando Magic
Sat Feb 25 2023,8:00p,Denver Nuggets,Memphis Grizzlies
Sat Feb 25 2023,8:30p,Boston Celtics,Philadelphia 76ers
Sat Feb 11 2023,7:30p,Utah Jazz,New York Knicks
Sat Feb 11 2023,7:30p,San Antonio Spurs,Atlanta Hawks
Sat Feb 11 2023,6:00p,Philadelphia 76ers,Brooklyn Nets
Sat Feb 11 2023,7:00p,Miami Heat,Orlando Magic
Sat Feb 11 2023,8:30p,Los Angeles Lakers,Golden State Warriors
Sat Feb 11 2023,7:00p,Indiana Pacers,Washington Wizards
Sat Feb 11 2023,7:00p,Denver Nuggets,Charlotte Hornets
Sat Feb 11 2023,10:00p,Dallas Mavericks,Sacramento Kings
Sat Feb 11 2023,8:00p,Chicago Bulls,Cleveland Cavaliers
Sat Dec 31 2022,8:00p,Philadelphia 76ers,Oklahoma City Thunder
Sat Dec 31 2022,7:00p,New York Knicks,Houston Rockets
Sat Dec 31 2022,8:00p,New Orleans Pelicans,Memphis Grizzlies
Sat Dec 31 2022,9:00p,Miami Heat,Utah Jazz
Sat Dec 31 2022,3:00p,Los Angeles Clippers,Indiana Pacers
Sat Dec 31 2022,8:00p,Detroit Pistons,Minnesota Timberwolves
Sat Dec 31 2022,7:00p,Dallas Mavericks,San Antonio Spurs
Sat Dec 31 2022,7:00p,Cleveland Cavaliers,Chicago Bulls
Sat Dec 31 2022,7:00p,Brooklyn Nets,Charlotte Hornets
Sat Dec 3 2022,4:00p,Sacramento Kings,Los Angeles Clippers
Sat Dec 3 2022,9:00p,Portland Trail Blazers,Utah Jazz
Sat Dec 3 2022,8:00p,Orlando Magic,Toronto Raptors
Sat Dec 3 2022,8:00p,Oklahoma City Thunder,Minnesota Timberwolves
Sat Dec 3 2022,6:00p,Milwaukee Bucks,Charlotte Hornets
Sat Dec 3 2022,8:30p,Houston Rockets,Golden State Warriors
Sat Dec 3 2022,12:30p,Dallas Mavericks,New York Knicks
Sat Dec 17 2022,4:00p,Washington Wizards,Los Angeles Clippers
Sat Dec 17 2022,8:00p,Utah Jazz,Milwaukee Bucks
Sat Dec 17 2022,8:00p,Portland Trail Blazers,Houston Rockets
Sat Dec 17 2022,9:00p,New Orleans Pelicans,Phoenix Suns
Sat Dec 17 2022,5:00p,Miami Heat,San Antonio Spurs
Sat Dec 17 2022,8:00p,Memphis Grizzlies,Oklahoma City Thunder
Sat Dec 17 2022,8:00p,Dallas Mavericks,Cleveland Cavaliers
Sat Dec 10 2022,9:00p,Utah Jazz,Denver Nuggets
Sat Dec 10 2022,5:00p,San Antonio Spurs,Miami Heat
Sat Dec 10 2022,7:30p,Oklahoma City Thunder,Cleveland Cavaliers
Sat Dec 10 2022,10:00p,Minnesota Timberwolves,Portland Trail Blazers
Sat Dec 10 2022,7:00p,Los Angeles Clippers,Washington Wizards
Sat Dec 10 2022,8:00p,Dallas Mavericks,Chicago Bulls
Sat Dec 10 2022,7:00p,Brooklyn Nets,Indiana Pacers
Sat Dec 10 2022,8:30p,Boston Celtics,Golden State Warriors
Sat Apr 8 2023,4:00p,Portland Trail Blazers,Los Angeles Clippers
Sat Apr 8 2023,4:00p,Minnesota Timberwolves,San Antonio Spurs
Sat Apr 8 2023,3:30p,Denver Nuggets,Utah Jazz
Sat Apr 1 2023,8:30p,Los Angeles Clippers,New Orleans Pelicans
Sat Apr 1 2023,7:30p,Dallas Mavericks,Miami Heat
Mon Oct 31 2022,7:00p,Sacramento Kings,Charlotte Hornets
Mon Oct 31 2022,7:00p,Philadelphia 76ers,Washington Wizards
Mon Oct 31 2022,9:00p,Memphis Grizzlies,Utah Jazz
Mon Oct 31 2022,7:30p,Indiana Pacers,Brooklyn Nets
Mon Oct 31 2022,10:30p,Houston Rockets,Los Angeles Clippers
Mon Oct 31 2022,8:00p,Detroit Pistons,Milwaukee Bucks
Mon Oct 31 2022,7:30p,Atlanta Hawks,Toronto Raptors
Mon Oct 24 2022,8:00p,Utah Jazz,Houston Rockets
Mon Oct 24 2022,7:30p,Toronto Raptors,Miami Heat
Mon Oct 24 2022,8:00p,San Antonio Spurs,Minnesota Timberwolves
Mon Oct 24 2022,7:30p,Orlando Magic,New York Knicks
Mon Oct 24 2022,7:00p,Indiana Pacers,Philadelphia 76ers
Mon Oct 24 2022,10:00p,Denver Nuggets,Portland Trail Blazers
Mon Oct 24 2022,8:00p,Brooklyn Nets,Memphis Grizzlies
Mon Oct 24 2022,8:00p,Boston Celtics,Chicago Bulls
Mon Nov 7 2022,7:00p,Washington Wizards,Charlotte Hornets
Mon Nov 7 2022,8:45p,Toronto Raptors,Chicago Bulls
Mon Nov 7 2022,10:00p,Sacramento Kings,Golden State Warriors
Mon Nov 7 2022,8:30p,Portland Trail Blazers,Miami Heat
Mon Nov 7 2022,8:00p,Phoenix Suns,Philadelphia 76ers
Mon Nov 7 2022,7:30p,Oklahoma City Thunder,Detroit Pistons
Mon Nov 7 2022,9:15p,New York Knicks,Minnesota Timberwolves
Mon Nov 7 2022,7:45p,New Orleans Pelicans,Indiana Pacers
Mon Nov 7 2022,8:15p,Milwaukee Bucks,Atlanta Hawks
Mon Nov 7 2022,10:15p,Los Angeles Lakers,Utah Jazz
Mon Nov 7 2022,7:15p,Houston Rockets,Orlando Magic
Mon Nov 7 2022,9:30p,Denver Nuggets,San Antonio Spurs
Mon Nov 7 2022,10:30p,Cleveland Cavaliers,Los Angeles Clippers
Mon Nov 7 2022,9:45p,Brooklyn Nets,Dallas Mavericks
Mon Nov 7 2022,9:00p,Boston Celtics,Memphis Grizzlies
Mon Nov 28 2022,10:00p,Phoenix Suns,Sacramento Kings
Mon Nov 28 2022,7:30p,Orlando Magic,Brooklyn Nets
Mon Nov 28 2022,8:00p,Oklahoma City Thunder,New Orleans Pelicans
Mon Nov 28 2022,7:00p,Minnesota Timberwolves,Washington Wizards
Mon Nov 28 2022,10:30p,Indiana Pacers,Los Angeles Lakers
Mon Nov 28 2022,9:00p,Houston Rockets,Denver Nuggets
Mon Nov 28 2022,7:30p,Cleveland Cavaliers,Toronto Raptors
Mon Nov 28 2022,9:00p,Chicago Bulls,Utah Jazz
Mon Nov 28 2022,7:30p,Charlotte Hornets,Boston Celtics
Mon Nov 28 2022,7:00p,Atlanta Hawks,Philadelphia 76ers
Mon Nov 21 2022,10:30p,Utah Jazz,Los Angeles Clippers
Mon Nov 21 2022,8:00p,Portland Trail Blazers,Milwaukee Bucks
Mon Nov 21 2022,7:00p,Orlando Magic,Indiana Pacers
Mon Nov 21 2022,8:00p,New York Knicks,Oklahoma City Thunder
Mon Nov 21 2022,8:00p,Miami Heat,Minnesota Timberwolves
Mon Nov 21 2022,8:00p,Golden State Warriors,New Orleans Pelicans
Mon Nov 21 2022,8:00p,Boston Celtics,Chicago Bulls
Mon Nov 21 2022,7:00p,Atlanta Hawks,Cleveland Cavaliers
Mon Nov 14 2022,7:00p,Toronto Raptors,Detroit Pistons
Mon Nov 14 2022,10:00p,San Antonio Spurs,Golden State Warriors
Mon Nov 14 2022,7:30p,Phoenix Suns,Miami Heat
Mon Nov 14 2022,7:30p,Oklahoma City Thunder,Boston Celtics
Mon Nov 14 2022,8:00p,Los Angeles Clippers,Houston Rockets
Mon Nov 14 2022,7:00p,Charlotte Hornets,Orlando Magic
Mon Nov 14 2022,8:00p,Atlanta Hawks,Milwaukee Bucks
Mon Mar 6 2023,9:00p,Toronto Raptors,Denver Nuggets
Mon Mar 6 2023,7:00p,Philadelphia 76ers,Indiana Pacers
Mon Mar 6 2023,10:00p,New Orleans Pelicans,Sacramento Kings
Mon Mar 6 2023,7:00p,Milwaukee Bucks,Washington Wizards
Mon Mar 6 2023,7:00p,Boston Celtics,Cleveland Cavaliers
Mon Mar 6 2023,7:30p,Atlanta Hawks,Miami Heat
Mon Mar 27 2023,9:00p,Phoenix Suns,Utah Jazz
Mon Mar 27 2023,9:30p,Philadelphia 76ers,Denver Nuggets
Mon Mar 27 2023,10:00p,New Orleans Pelicans,Portland Trail Blazers
Mon Mar 27 2023,10:00p,Minnesota Timberwolves,Sacramento Kings
Mon Mar 27 2023,7:00p,Milwaukee Bucks,Detroit Pistons
Mon Mar 27 2023,7:30p,Houston Rockets,New York Knicks
Mon Mar 27 2023,7:00p,Dallas Mavericks,Indiana Pacers
Mon Mar 27 2023,10:30p,Chicago Bulls,Los Angeles Clippers
Mon Mar 20 2023,9:00p,Sacramento Kings,Utah Jazz
Mon Mar 20 2023,7:30p,Minnesota Timberwolves,New York Knicks
Mon Mar 20 2023,7:00p,Indiana Pacers,Charlotte Hornets
Mon Mar 20 2023,8:00p,Golden State Warriors,Houston Rockets
Mon Mar 20 2023,8:00p,Dallas Mavericks,Memphis Grizzlies
Mon Mar 20 2023,7:00p,Chicago Bulls,Philadelphia 76ers
Mon Mar 13 2023,7:30p,Utah Jazz,Miami Heat
Mon Mar 13 2023,10:00p,Phoenix Suns,Golden State Warriors
Mon Mar 13 2023,7:30p,Minnesota Timberwolves,Atlanta Hawks
Mon Mar 13 2023,10:00p,Milwaukee Bucks,Sacramento Kings
Mon Mar 13 2023,7:30p,Memphis Grizzlies,Dallas Mavericks
Mon Mar 13 2023,7:00p,Indiana Pacers,Detroit Pistons
Mon Mar 13 2023,8:00p,Boston Celtics,Houston Rockets
Mon Jan 9 2023,8:00p,San Antonio Spurs,Memphis Grizzlies
Mon Jan 9 2023,10:00p,Orlando Magic,Sacramento Kings
Mon Jan 9 2023,7:00p,New Orleans Pelicans,Washington Wizards
Mon Jan 9 2023,7:30p,Milwaukee Bucks,New York Knicks
Mon Jan 9 2023,9:00p,Los Angeles Lakers,Denver Nuggets
Mon Jan 9 2023,7:30p,Chicago Bulls,Boston Celtics
Mon Jan 30 2023,8:00p,Washington Wizards,San Antonio Spurs
Mon Jan 30 2023,9:00p,Toronto Raptors,Phoenix Suns
Mon Jan 30 2023,8:00p,Sacramento Kings,Minnesota Timberwolves
Mon Jan 30 2023,7:00p,Orlando Magic,Philadelphia 76ers
Mon Jan 30 2023,7:30p,Los Angeles Lakers,Brooklyn Nets
Mon Jan 30 2023,8:00p,Golden State Warriors,Oklahoma City Thunder
Mon Jan 30 2023,8:30p,Detroit Pistons,Dallas Mavericks
Mon Jan 30 2023,10:00p,Atlanta Hawks,Portland Trail Blazers
Mon Jan 23 2023,10:00p,San Antonio Spurs,Portland Trail Blazers
Mon Jan 23 2023,8:00p,Minnesota Timberwolves,Houston Rockets
Mon Jan 23 2023,7:00p,Milwaukee Bucks,Detroit Pistons
Mon Jan 23 2023,10:30p,Memphis Grizzlies,Sacramento Kings
Mon Jan 23 2023,9:00p,Charlotte Hornets,Utah Jazz
Mon Jan 23 2023,7:00p,Boston Celtics,Orlando Magic
Mon Jan 23 2023,8:00p,Atlanta Hawks,Chicago Bulls
Mon Jan 2 2023,7:00p,Toronto Raptors,Indiana Pacers
Mon Jan 2 2023,7:30p,San Antonio Spurs,Brooklyn Nets
Mon Jan 2 2023,3:00p,Phoenix Suns,New York Knicks
Mon Jan 2 2023,7:00p,New Orleans Pelicans,Philadelphia 76ers
Mon Jan 2 2023,10:30p,Miami Heat,Los Angeles Clippers
Mon Jan 2 2023,7:00p,Los Angeles Lakers,Charlotte Hornets
Mon Jan 2 2023,10:00p,Detroit Pistons,Portland Trail Blazers
Mon Jan 2 2023,8:00p,Denver Nuggets,Minnesota Timberwolves
Mon Jan 2 2023,8:00p,Dallas Mavericks,Houston Rockets
Mon Jan 2 2023,7:00p,Chicago Bulls,Cleveland Cavaliers
Mon Jan 2 2023,10:00p,Atlanta Hawks,Golden State Warriors
Mon Jan 16 2023,4:00p,Utah Jazz,Minnesota Timberwolves
Mon Jan 16 2023,3:00p,Toronto Raptors,New York Knicks
Mon Jan 16 2023,6:00p,Phoenix Suns,Memphis Grizzlies
Mon Jan 16 2023,3:00p,New Orleans Pelicans,Cleveland Cavaliers
Mon Jan 16 2023,3:30p,Miami Heat,Atlanta Hawks
Mon Jan 16 2023,2:30p,Indiana Pacers,Milwaukee Bucks
Mon Jan 16 2023,10:30p,Houston Rockets,Los Angeles Lakers
Mon Jan 16 2023,3:00p,Golden State Warriors,Washington Wizards
Mon Jan 16 2023,1:00p,Boston Celtics,Charlotte Hornets
Mon Feb 6 2023,8:00p,San Antonio Spurs,Chicago Bulls
Mon Feb 6 2023,8:00p,Sacramento Kings,Houston Rockets
Mon Feb 6 2023,10:00p,Oklahoma City Thunder,Golden State Warriors
Mon Feb 6 2023,10:00p,Milwaukee Bucks,Portland Trail Blazers
Mon Feb 6 2023,7:30p,Los Angeles Clippers,Brooklyn Nets
Mon Feb 6 2023,9:00p,Dallas Mavericks,Utah Jazz
Mon Feb 6 2023,7:00p,Cleveland Cavaliers,Washington Wizards
Mon Feb 6 2023,7:00p,Boston Celtics,Detroit Pistons
Mon Feb 27 2023,8:00p,Orlando Magic,New Orleans Pelicans
Mon Feb 27 2023,7:00p,Miami Heat,Philadelphia 76ers
Mon Feb 27 2023,7:00p,Detroit Pistons,Charlotte Hornets
Mon Feb 27 2023,7:30p,Boston Celtics,New York Knicks
Mon Feb 13 2023,10:00p,Washington Wizards,Golden State Warriors
Mon Feb 13 2023,7:00p,Utah Jazz,Indiana Pacers
Mon Feb 13 2023,7:00p,San Antonio Spurs,Cleveland Cavaliers
Mon Feb 13 2023,8:00p,Orlando Magic,Chicago Bulls
Mon Feb 13 2023,8:00p,New Orleans Pelicans,Oklahoma City Thunder
Mon Feb 13 2023,8:30p,Minnesota Timberwolves,Dallas Mavericks
Mon Feb 13 2023,10:00p,Los Angeles Lakers,Portland Trail Blazers
Mon Feb 13 2023,7:00p,Houston Rockets,Philadelphia 76ers
Mon Feb 13 2023,7:30p,Denver Nuggets,Miami Heat
Mon Feb 13 2023,7:30p,Brooklyn Nets,New York Knicks
Mon Feb 13 2023,7:00p,Atlanta Hawks,Charlotte Hornets
Mon Dec 5 2022,8:30p,Phoenix Suns,Dallas Mavericks
Mon Dec 5 2022,8:00p,Philadelphia 76ers,Houston Rockets
Mon Dec 5 2022,7:30p,Oklahoma City Thunder,Atlanta Hawks
Mon Dec 5 2022,7:00p,Milwaukee Bucks,Orlando Magic
Mon Dec 5 2022,8:00p,Miami Heat,Memphis Grizzlies
Mon Dec 5 2022,7:00p,Los Angeles Clippers,Charlotte Hornets
Mon Dec 5 2022,10:00p,Indiana Pacers,Golden State Warriors
Mon Dec 5 2022,7:30p,Boston Celtics,Toronto Raptors
Mon Dec 26 2022,8:00p,Utah Jazz,San Antonio Spurs
Mon Dec 26 2022,7:30p,Minnesota Timberwolves,Miami Heat
Mon Dec 26 2022,7:00p,Los Angeles Clippers,Detroit Pistons
Mon Dec 26 2022,8:00p,Indiana Pacers,New Orleans Pelicans
Mon Dec 26 2022,8:00p,Houston Rockets,Chicago Bulls
Mon Dec 26 2022,10:00p,Charlotte Hornets,Portland Trail Blazers
Mon Dec 26 2022,7:00p,Brooklyn Nets,Cleveland Cavaliers
Mon Dec 19 2022,7:00p,Utah Jazz,Cleveland Cavaliers
Mon Dec 19 2022,7:00p,Toronto Raptors,Philadelphia 76ers
Mon Dec 19 2022,8:00p,San Antonio Spurs,Houston Rockets
Mon Dec 19 2022,8:00p,Portland Trail Blazers,Oklahoma City Thunder
Mon Dec 19 2022,7:30p,Orlando Magic,Atlanta Hawks
Mon Dec 19 2022,8:00p,Milwaukee Bucks,New Orleans Pelicans
Mon Dec 19 2022,9:00p,Los Angeles Lakers,Phoenix Suns
Mon Dec 19 2022,8:00p,Dallas Mavericks,Minnesota Timberwolves
Mon Dec 19 2022,10:00p,Charlotte Hornets,Sacramento Kings
Mon Dec 12 2022,8:30p,Oklahoma City Thunder,Dallas Mavericks
Mon Dec 12 2022,10:00p,Minnesota Timberwolves,Portland Trail Blazers
Mon Dec 12 2022,7:00p,Miami Heat,Indiana Pacers
Mon Dec 12 2022,8:30p,Cleveland Cavaliers,San Antonio Spurs
Mon Dec 12 2022,7:00p,Brooklyn Nets,Washington Wizards
Mon Dec 12 2022,10:30p,Boston Celtics,Los Angeles Clippers
Mon Dec 12 2022,8:00p,Atlanta Hawks,Memphis Grizzlies
Fri Oct 28 2022,9:00p,Utah Jazz,Denver Nuggets
Fri Oct 28 2022,7:30p,Philadelphia 76ers,Toronto Raptors
Fri Oct 28 2022,8:00p,New York Knicks,Milwaukee Bucks
Fri Oct 28 2022,10:00p,New Orleans Pelicans,Phoenix Suns
Fri Oct 28 2022,8:00p,Los Angeles Lakers,Minnesota Timberwolves
Fri Oct 28 2022,7:30p,Indiana Pacers,Washington Wizards
Fri Oct 28 2022,10:00p,Houston Rockets,Portland Trail Blazers
Fri Oct 28 2022,7:30p,Cleveland Cavaliers,Boston Celtics
Fri Oct 28 2022,8:30p,Chicago Bulls,San Antonio Spurs
Fri Oct 28 2022,7:00p,Charlotte Hornets,Orlando Magic
Fri Oct 28 2022,7:00p,Atlanta Hawks,Detroit Pistons
Fri Oct 21 2022,8:00p,Utah Jazz,Minnesota Timberwolves
Fri Oct 21 2022,7:30p,Toronto Raptors,Brooklyn Nets
Fri Oct 21 2022,7:00p,San Antonio Spurs,Indiana Pacers
Fri Oct 21 2022,10:00p,Phoenix Suns,Portland Trail Blazers
Fri Oct 21 2022,7:30p,Orlando Magic,Atlanta Hawks
Fri Oct 21 2022,7:00p,New Orleans Pelicans,Charlotte Hornets
Fri Oct 21 2022,8:00p,Memphis Grizzlies,Houston Rockets
Fri Oct 21 2022,7:30p,Detroit Pistons,New York Knicks
Fri Oct 21 2022,10:00p,Denver Nuggets,Golden State Warriors
Fri Oct 21 2022,7:00p,Chicago Bulls,Washington Wizards
Fri Oct 21 2022,7:30p,Boston Celtics,Miami Heat
Fri Nov 4 2022,10:30p,Utah Jazz,Los Angeles Lakers
Fri Nov 4 2022,8:30p,Toronto Raptors,Dallas Mavericks
Fri Nov 4 2022,10:00p,Portland Trail Blazers,Phoenix Suns
Fri Nov 4 2022,7:00p,New York Knicks,Philadelphia 76ers
Fri Nov 4 2022,10:00p,Milwaukee Bucks,Minnesota Timberwolves
Fri Nov 4 2022,7:00p,Miami Heat,Indiana Pacers
Fri Nov 4 2022,8:00p,Los Angeles Clippers,San Antonio Spurs
Fri Nov 4 2022,8:30p,Golden State Warriors,New Orleans Pelicans
Fri Nov 4 2022,7:00p,Cleveland Cavaliers,Detroit Pistons
Fri Nov 4 2022,7:30p,Chicago Bulls,Boston Celtics
Fri Nov 4 2022,8:00p,Charlotte Hornets,Memphis Grizzlies
Fri Nov 4 2022,7:00p,Brooklyn Nets,Washington Wizards
Fri Nov 25 2022,8:00p,Washington Wizards,Miami Heat
Fri Nov 25 2022,10:00p,Utah Jazz,Golden State Warriors
Fri Nov 25 2022,8:00p,Sacramento Kings,Boston Celtics
Fri Nov 25 2022,7:30p,Portland Trail Blazers,New York Knicks
Fri Nov 25 2022,7:00p,Philadelphia 76ers,Orlando Magic
Fri Nov 25 2022,8:00p,New Orleans Pelicans,Memphis Grizzlies
Fri Nov 25 2022,5:00p,Minnesota Timberwolves,Charlotte Hornets
Fri Nov 25 2022,8:00p,Los Angeles Lakers,San Antonio Spurs
Fri Nov 25 2022,9:00p,Detroit Pistons,Phoenix Suns
Fri Nov 25 2022,10:30p,Denver Nuggets,Los Angeles Clippers
Fri Nov 25 2022,8:00p,Cleveland Cavaliers,Milwaukee Bucks
Fri Nov 25 2022,8:00p,Chicago Bulls,Oklahoma City Thunder
Fri Nov 25 2022,8:00p,Brooklyn Nets,Indiana Pacers
Fri Nov 25 2022,8:00p,Atlanta Hawks,Houston Rockets
Fri Nov 18 2022,9:00p,Phoenix Suns,Utah Jazz
Fri Nov 18 2022,8:00p,Orlando Magic,Chicago Bulls
Fri Nov 18 2022,8:00p,Oklahoma City Thunder,Memphis Grizzlies
Fri Nov 18 2022,10:00p,New York Knicks,Golden State Warriors
Fri Nov 18 2022,7:30p,Milwaukee Bucks,Philadelphia 76ers
Fri Nov 18 2022,7:00p,Miami Heat,Washington Wizards
Fri Nov 18 2022,8:00p,Indiana Pacers,Houston Rockets
Fri Nov 18 2022,10:30p,Detroit Pistons,Los Angeles Lakers
Fri Nov 18 2022,8:30p,Denver Nuggets,Dallas Mavericks
Fri Nov 18 2022,7:30p,Charlotte Hornets,Cleveland Cavaliers
Fri Nov 18 2022,8:30p,Boston Celtics,New Orleans Pelicans
Fri Nov 11 2022,8:00p,Toronto Raptors,Oklahoma City Thunder
Fri Nov 11 2022,10:30p,Sacramento Kings,Los Angeles Lakers
Fri Nov 11 2022,7:00p,Phoenix Suns,Orlando Magic
Fri Nov 11 2022,9:30p,Minnesota Timberwolves,Memphis Grizzlies
Fri Nov 11 2022,8:00p,Milwaukee Bucks,San Antonio Spurs
Fri Nov 11 2022,7:30p,Detroit Pistons,New York Knicks
Fri Nov 11 2022,7:00p,Denver Nuggets,Boston Celtics
Fri Nov 11 2022,10:00p,Cleveland Cavaliers,Golden State Warriors
Fri Mar 31 2023,7:30p,Utah Jazz,Boston Celtics
Fri Mar 31 2023,7:00p,Toronto Raptors,Philadelphia 76ers
Fri Mar 31 2023,10:00p,San Antonio Spurs,Golden State Warriors
Fri Mar 31 2023,10:00p,Sacramento Kings,Portland Trail Blazers
Fri Mar 31 2023,7:00p,Orlando Magic,Washington Wizards
Fri Mar 31 2023,7:00p,Oklahoma City Thunder,Indiana Pacers
Fri Mar 31 2023,7:30p,New York Knicks,Cleveland Cavaliers
Fri Mar 31 2023,8:00p,Los Angeles Lakers,Minnesota Timberwolves
Fri Mar 31 2023,8:00p,Los Angeles Clippers,Memphis Grizzlies
Fri Mar 31 2023,8:00p,Detroit Pistons,Houston Rockets
Fri Mar 31 2023,10:30p,Denver Nuggets,Phoenix Suns
Fri Mar 31 2023,7:00p,Chicago Bulls,Charlotte Hornets
Fri Mar 31 2023,7:30p,Atlanta Hawks,Brooklyn Nets
Fri Mar 3 2023,8:00p,Utah Jazz,Oklahoma City Thunder
Fri Mar 3 2023,7:30p,Portland Trail Blazers,Atlanta Hawks
Fri Mar 3 2023,8:00p,Phoenix Suns,Chicago Bulls
Fri Mar 3 2023,7:00p,Orlando Magic,Charlotte Hornets
Fri Mar 3 2023,8:00p,New York Knicks,Miami Heat
Fri Mar 3 2023,10:00p,New Orleans Pelicans,Golden State Warriors
Fri Mar 3 2023,10:30p,Minnesota Timberwolves,Los Angeles Lakers
Fri Mar 3 2023,10:00p,Memphis Grizzlies,Denver Nuggets
Fri Mar 3 2023,10:00p,Los Angeles Clippers,Sacramento Kings
Fri Mar 3 2023,7:30p,Brooklyn Nets,Boston Celtics
Fri Mar 24 2023,7:00p,San Antonio Spurs,Washington Wizards
Fri Mar 24 2023,10:00p,Phoenix Suns,Sacramento Kings
Fri Mar 24 2023,10:00p,Philadelphia 76ers,Golden State Warriors
Fri Mar 24 2023,10:30p,Oklahoma City Thunder,Los Angeles Lakers
Fri Mar 24 2023,9:00p,Milwaukee Bucks,Utah Jazz
Fri Mar 24 2023,7:00p,Indiana Pacers,Boston Celtics
Fri Mar 24 2023,8:00p,Houston Rockets,Memphis Grizzlies
Fri Mar 24 2023,7:30p,Detroit Pistons,Toronto Raptors
Fri Mar 24 2023,10:00p,Chicago Bulls,Portland Trail Blazers
Fri Mar 24 2023,8:30p,Charlotte Hornets,Dallas Mavericks
Fri Mar 17 2023,7:30p,Washington Wizards,Cleveland Cavaliers
Fri Mar 17 2023,7:00p,Philadelphia 76ers,Charlotte Hornets
Fri Mar 17 2023,8:00p,New Orleans Pelicans,Houston Rockets
Fri Mar 17 2023,8:00p,Minnesota Timberwolves,Chicago Bulls
Fri Mar 17 2023,8:00p,Memphis Grizzlies,San Antonio Spurs
Fri Mar 17 2023,7:30p,Golden State Warriors,Atlanta Hawks
Fri Mar 17 2023,10:30p,Dallas Mavericks,Los Angeles Lakers
Fri Mar 17 2023,10:00p,Boston Celtics,Portland Trail Blazers
Fri Mar 10 2023,10:30p,Toronto Raptors,Los Angeles Lakers
Fri Mar 10 2023,7:00p,Portland Trail Blazers,Philadelphia 76ers
Fri Mar 10 2023,8:00p,Denver Nuggets,San Antonio Spurs
Fri Mar 10 2023,8:00p,Cleveland Cavaliers,Miami Heat
Fri Mar 10 2023,8:00p,Brooklyn Nets,Minnesota Timberwolves
Fri Mar 10 2023,7:00p,Atlanta Hawks,Washington Wizards
Fri Jan 6 2023,8:00p,Washington Wizards,Oklahoma City Thunder
Fri Jan 6 2023,7:00p,Portland Trail Blazers,Indiana Pacers
Fri Jan 6 2023,7:30p,New York Knicks,Toronto Raptors
Fri Jan 6 2023,10:00p,Miami Heat,Phoenix Suns
Fri Jan 6 2023,9:00p,Los Angeles Clippers,Minnesota Timberwolves
Fri Jan 6 2023,8:00p,Detroit Pistons,San Antonio Spurs
Fri Jan 6 2023,9:00p,Cleveland Cavaliers,Denver Nuggets
Fri Jan 6 2023,7:30p,Chicago Bulls,Philadelphia 76ers
Fri Jan 6 2023,8:00p,Charlotte Hornets,Milwaukee Bucks
Fri Jan 6 2023,8:30p,Brooklyn Nets,New Orleans Pelicans
Fri Jan 6 2023,10:30p,Atlanta Hawks,Los Angeles Lakers
Fri Jan 27 2023,10:00p,Toronto Raptors,Golden State Warriors
Fri Jan 27 2023,8:00p,Orlando Magic,Miami Heat
Fri Jan 27 2023,7:00p,Milwaukee Bucks,Indiana Pacers
Fri Jan 27 2023,7:30p,Memphis Grizzlies,Minnesota Timberwolves
Fri Jan 27 2023,8:00p,Cleveland Cavaliers,Oklahoma City Thunder
Fri Jan 20 2023,10:00p,Oklahoma City Thunder,Sacramento Kings
Fri Jan 20 2023,7:30p,New York Knicks,Atlanta Hawks
Fri Jan 20 2023,7:00p,New Orleans Pelicans,Orlando Magic
Fri Jan 20 2023,7:30p,Miami Heat,Dallas Mavericks
Fri Jan 20 2023,10:00p,Memphis Grizzlies,Los Angeles Lakers
Fri Jan 20 2023,8:00p,Los Angeles Clippers,San Antonio Spurs
Fri Jan 20 2023,9:00p,Indiana Pacers,Denver Nuggets
Fri Jan 20 2023,7:30p,Golden State Warriors,Cleveland Cavaliers
Fri Jan 20 2023,9:00p,Brooklyn Nets,Utah Jazz
Fri Jan 13 2023,8:00p,Phoenix Suns,Minnesota Timberwolves
Fri Jan 13 2023,9:00p,Orlando Magic,Utah Jazz
Fri Jan 13 2023,8:00p,Oklahoma City Thunder,Chicago Bulls
Fri Jan 13 2023,7:00p,New York Knicks,Washington Wizards
Fri Jan 13 2023,7:00p,New Orleans Pelicans,Detroit Pistons
Fri Jan 13 2023,10:00p,Houston Rockets,Sacramento Kings
Fri Jan 13 2023,7:30p,Golden State Warriors,San Antonio Spurs
Fri Jan 13 2023,10:00p,Denver Nuggets,Los Angeles Clippers
Fri Jan 13 2023,7:00p,Atlanta Hawks,Indiana Pacers
Fri Feb 3 2023,8:00p,Toronto Raptors,Houston Rockets
Fri Feb 3 2023,7:00p,Sacramento Kings,Indiana Pacers
Fri Feb 3 2023,7:00p,Portland Trail Blazers,Washington Wizards
Fri Feb 3 2023,7:30p,Phoenix Suns,Boston Celtics
Fri Feb 3 2023,8:00p,Philadelphia 76ers,San Antonio Spurs
Fri Feb 3 2023,8:00p,Orlando Magic,Minnesota Timberwolves
Fri Feb 3 2023,7:00p,Charlotte Hornets,Detroit Pistons
Fri Feb 3 2023,9:00p,Atlanta Hawks,Utah Jazz
Fri Feb 24 2023,10:30p,Sacramento Kings,Los Angeles Clippers
Fri Feb 24 2023,9:00p,Oklahoma City Thunder,Phoenix Suns
Fri Feb 24 2023,7:00p,New York Knicks,Washington Wizards
Fri Feb 24 2023,7:30p,Miami Heat,Milwaukee Bucks
Fri Feb 24 2023,10:00p,Houston Rockets,Golden State Warriors
Fri Feb 24 2023,7:30p,Cleveland Cavaliers,Atlanta Hawks
Fri Feb 24 2023,8:00p,Charlotte Hornets,Minnesota Timberwolves
Fri Feb 24 2023,10:00p,Brooklyn Nets,Chicago Bulls
Fri Feb 10 2023,7:30p,Utah Jazz,Toronto Raptors
Fri Feb 10 2023,7:00p,San Antonio Spurs,Detroit Pistons
Fri Feb 10 2023,7:00p,Phoenix Suns,Indiana Pacers
Fri Feb 10 2023,10:00p,Oklahoma City Thunder,Portland Trail Blazers
Fri Feb 10 2023,7:00p,New York Knicks,Philadelphia 76ers
Fri Feb 10 2023,8:00p,Minnesota Timberwolves,Memphis Grizzlies
Fri Feb 10 2023,10:30p,Milwaukee Bucks,Los Angeles Clippers
Fri Feb 10 2023,8:00p,Houston Rockets,Miami Heat
Fri Feb 10 2023,10:00p,Dallas Mavericks,Sacramento Kings
Fri Feb 10 2023,10:00p,Cleveland Cavaliers,New Orleans Pelicans
Fri Feb 10 2023,7:30p,Charlotte Hornets,Boston Celtics
Fri Dec 9 2022,7:00p,Washington Wizards,Indiana Pacers
Fri Dec 9 2022,7:00p,Toronto Raptors,Orlando Magic
Fri Dec 9 2022,7:30p,Sacramento Kings,Cleveland Cavaliers
Fri Dec 9 2022,8:30p,Phoenix Suns,New Orleans Pelicans
Fri Dec 9 2022,7:00p,New York Knicks,Charlotte Hornets
Fri Dec 9 2022,9:00p,Minnesota Timberwolves,Utah Jazz
Fri Dec 9 2022,10:00p,Milwaukee Bucks,Dallas Mavericks
Fri Dec 9 2022,7:30p,Los Angeles Lakers,Philadelphia 76ers
Fri Dec 9 2022,8:00p,Detroit Pistons,Memphis Grizzlies
Fri Dec 9 2022,7:30p,Atlanta Hawks,Brooklyn Nets
Fri Dec 30 2022,7:00p,Washington Wizards,Orlando Magic
Fri Dec 30 2022,10:00p,Utah Jazz,Sacramento Kings
Fri Dec 30 2022,10:00p,Portland Trail Blazers,Golden State Warriors
Fri Dec 30 2022,7:30p,Phoenix Suns,Toronto Raptors
Fri Dec 30 2022,8:30p,Philadelphia 76ers,New Orleans Pelicans
Fri Dec 30 2022,8:00p,Minnesota Timberwolves,Milwaukee Bucks
Fri Dec 30 2022,9:00p,Miami Heat,Denver Nuggets
Fri Dec 30 2022,7:30p,Los Angeles Lakers,Atlanta Hawks
Fri Dec 30 2022,8:00p,Detroit Pistons,Chicago Bulls
Fri Dec 23 2022,10:00p,Washington Wizards,Sacramento Kings
Fri Dec 23 2022,7:30p,Toronto Raptors,Cleveland Cavaliers
Fri Dec 23 2022,7:00p,San Antonio Spurs,Orlando Magic
Fri Dec 23 2022,9:00p,Portland Trail Blazers,Denver Nuggets
Fri Dec 23 2022,8:00p,New Orleans Pelicans,Oklahoma City Thunder
Fri Dec 23 2022,7:30p,Minnesota Timberwolves,Boston Celtics
Fri Dec 23 2022,7:30p,Milwaukee Bucks,Brooklyn Nets
Fri Dec 23 2022,10:00p,Memphis Grizzlies,Phoenix Suns
Fri Dec 23 2022,7:00p,Los Angeles Clippers,Philadelphia 76ers
Fri Dec 23 2022,8:00p,Indiana Pacers,Miami Heat
Fri Dec 23 2022,7:30p,Detroit Pistons,Atlanta Hawks
Fri Dec 23 2022,8:00p,Dallas Mavericks,Houston Rockets
Fri Dec 23 2022,7:30p,Chicago Bulls,New York Knicks
Fri Dec 23 2022,10:30p,Charlotte Hornets,Los Angeles Lakers
Fri Dec 2 2022,7:00p,Washington Wizards,Charlotte Hornets
Fri Dec 2 2022,7:30p,Toronto Raptors,Brooklyn Nets
Fri Dec 2 2022,8:00p,Philadelphia 76ers,Memphis Grizzlies
Fri Dec 2 2022,7:30p,Orlando Magic,Cleveland Cavaliers
Fri Dec 2 2022,8:00p,New Orleans Pelicans,San Antonio Spurs
Fri Dec 2 2022,7:30p,Miami Heat,Boston Celtics
Fri Dec 2 2022,7:30p,Los Angeles Lakers,Milwaukee Bucks
Fri Dec 2 2022,9:00p,Indiana Pacers,Utah Jazz
Fri Dec 2 2022,9:00p,Houston Rockets,Phoenix Suns
Fri Dec 2 2022,7:30p,Denver Nuggets,Atlanta Hawks
Fri Dec 2 2022,10:00p,Chicago Bulls,Golden State Warriors
Fri Dec 16 2022,7:00p,Sacramento Kings,Detroit Pistons
Fri Dec 16 2022,8:30p,Portland Trail Blazers,Dallas Mavericks
Fri Dec 16 2022,7:30p,Orlando Magic,Boston Celtics
Fri Dec 16 2022,8:00p,New York Knicks,Chicago Bulls
Fri Dec 16 2022,8:00p,Minnesota Timberwolves,Oklahoma City Thunder
Fri Dec 16 2022,7:30p,Indiana Pacers,Cleveland Cavaliers
Fri Dec 16 2022,7:30p,Golden State Warriors,Philadelphia 76ers
Fri Dec 16 2022,10:00p,Denver Nuggets,Los Angeles Lakers
Fri Dec 16 2022,7:30p,Brooklyn Nets,Toronto Raptors
Fri Dec 16 2022,7:00p,Atlanta Hawks,Charlotte Hornets
Fri Apr 7 2023,7:30p,Toronto Raptors,Boston Celtics
Fri Apr 7 2023,10:30p,Phoenix Suns,Los Angeles Lakers
Fri Apr 7 2023,7:30p,Philadelphia 76ers,Atlanta Hawks
Fri Apr 7 2023,7:30p,Orlando Magic,Brooklyn Nets
Fri Apr 7 2023,8:00p,New York Knicks,New Orleans Pelicans
Fri Apr 7 2023,7:00p,Miami Heat,Washington Wizards
Fri Apr 7 2023,8:00p,Memphis Grizzlies,Milwaukee Bucks
Fri Apr 7 2023,7:00p,Houston Rockets,Charlotte Hornets
Fri Apr 7 2023,10:00p,Golden State Warriors,Sacramento Kings
Fri Apr 7 2023,7:00p,Detroit Pistons,Indiana Pacers
Fri Apr 7 2023,8:30p,Chicago Bulls,Dallas Mavericks